name,cpu_percent,mem_usage,mem_limit,mem_percent
1735060833,monolith,106.24,3.593GiB,4GiB,89.83
1735060833,recommendations,8.19,68.58MiB,7.654GiB,0.88
1735060833,teasers,7.89,78.36MiB,7.654GiB,1.00
1735060833,cdn,0.00,17.88MiB,7.654GiB,0.23
1735060833,discovery,0.78,28.27MiB,7.654GiB,0.36
1735060836,monolith,103.36,3.593GiB,4GiB,89.83
1735060836,recommendations,0.62,70.35MiB,7.654GiB,0.90
1735060836,teasers,1.12,70.81MiB,7.654GiB,0.90
1735060836,cdn,0.00,17.88MiB,7.654GiB,0.23
1735060836,discovery,0.07,28.35MiB,7.654GiB,0.36
1735060838,monolith,101.88,3.594GiB,4GiB,89.84
1735060838,recommendations,3.76,60.69MiB,7.654GiB,0.77
1735060838,teasers,2.93,71.69MiB,7.654GiB,0.91
1735060838,cdn,0.00,17.88MiB,7.654GiB,0.23
1735060838,discovery,0.34,28.45MiB,7.654GiB,0.36
1735060840,monolith,100.87,3.593GiB,4GiB,89.83
1735060840,recommendations,1.99,59.98MiB,7.654GiB,0.77
1735060840,teasers,1.60,71.63MiB,7.654GiB,0.91
1735060840,cdn,0.00,17.88MiB,7.654GiB,0.23
1735060840,discovery,0.11,28.54MiB,7.654GiB,0.36
1735060842,monolith,118.02,3.593GiB,4GiB,89.82
1735060842,recommendations,0.63,61.29MiB,7.654GiB,0.78
1735060842,teasers,0.55,72.71MiB,7.654GiB,0.93
1735060842,cdn,0.00,17.88MiB,7.654GiB,0.23
1735060842,discovery,0.05,28.62MiB,7.654GiB,0.37
1735060844,monolith,101.09,3.588GiB,4GiB,89.69
1735060844,recommendations,0.83,62.26MiB,7.654GiB,0.79
1735060844,teasers,1.07,73.71MiB,7.654GiB,0.94
1735060844,cdn,0.00,17.88MiB,7.654GiB,0.23
1735060844,discovery,0.12,28.72MiB,7.654GiB,0.37
1735060846,monolith,100.96,3.588GiB,4GiB,89.69
1735060846,recommendations,0.64,63.51MiB,7.654GiB,0.81
1735060846,teasers,0.44,74.48MiB,7.654GiB,0.95
1735060846,cdn,0.11,17.88MiB,7.654GiB,0.23
1735060846,discovery,0.06,28.8MiB,7.654GiB,0.37
1735060848,monolith,101.12,3.588GiB,4GiB,89.69
1735060848,recommendations,1.39,63.71MiB,7.654GiB,0.81
1735060848,teasers,0.99,74.48MiB,7.654GiB,0.95
1735060848,cdn,0.00,17.88MiB,7.654GiB,0.23
1735060848,discovery,0.16,28.91MiB,7.654GiB,0.37
1735060850,monolith,102.40,3.588GiB,4GiB,89.70
1735060850,recommendations,2.68,63.79MiB,7.654GiB,0.81
1735060850,teasers,1.13,74.81MiB,7.654GiB,0.95
1735060850,cdn,0.00,17.88MiB,7.654GiB,0.23
1735060850,discovery,0.12,28.18MiB,7.654GiB,0.36
1735060852,monolith,101.50,3.588GiB,4GiB,89.69
1735060852,recommendations,1.37,65.1MiB,7.654GiB,0.83
1735060852,teasers,1.32,75.55MiB,7.654GiB,0.96
1735060852,cdn,0.00,17.88MiB,7.654GiB,0.23
1735060852,discovery,0.07,28.26MiB,7.654GiB,0.36
1735060854,monolith,101.22,3.588GiB,4GiB,89.71
1735060854,recommendations,1.41,66.47MiB,7.654GiB,0.85
1735060854,teasers,1.63,76.78MiB,7.654GiB,0.98
1735060854,cdn,0.00,17.88MiB,7.654GiB,0.23
1735060854,discovery,0.12,28.36MiB,7.654GiB,0.36
1735060856,monolith,104.66,3.588GiB,4GiB,89.70
1735060856,recommendations,1.81,67.7MiB,7.654GiB,0.86
1735060856,teasers,1.77,78.39MiB,7.654GiB,1.00
1735060856,cdn,0.00,17.88MiB,7.654GiB,0.23
1735060856,discovery,0.24,28.45MiB,7.654GiB,0.36
1735060858,monolith,102.78,3.588GiB,4GiB,89.70
1735060858,recommendations,1.23,67.75MiB,7.654GiB,0.86
1735060858,teasers,12.06,60.28MiB,7.654GiB,0.77
1735060858,cdn,0.00,17.88MiB,7.654GiB,0.23
1735060858,discovery,0.47,28.55MiB,7.654GiB,0.36
1735060860,monolith,102.02,3.588GiB,4GiB,89.70
1735060860,recommendations,1.44,67.88MiB,7.654GiB,0.87
1735060860,teasers,4.09,62.03MiB,7.654GiB,0.79
1735060860,cdn,0.00,17.88MiB,7.654GiB,0.23
1735060860,discovery,0.12,28.63MiB,7.654GiB,0.37
1735060862,monolith,101.20,3.588GiB,4GiB,89.70
1735060862,recommendations,0.68,68.18MiB,7.654GiB,0.87
1735060862,teasers,0.68,62.39MiB,7.654GiB,0.80
1735060862,cdn,0.00,17.88MiB,7.654GiB,0.23
1735060862,discovery,0.16,28.71MiB,7.654GiB,0.37
1735060864,monolith,102.96,3.588GiB,4GiB,89.70
1735060864,recommendations,1.37,68.5MiB,7.654GiB,0.87
1735060864,teasers,4.78,64.19MiB,7.654GiB,0.82
1735060864,cdn,0.00,17.88MiB,7.654GiB,0.23
1735060864,discovery,0.14,28.82MiB,7.654GiB,0.37
1735060866,monolith,106.79,3.588GiB,4GiB,89.70
1735060866,recommendations,4.12,69.11MiB,7.654GiB,0.88
1735060866,teasers,3.48,64.23MiB,7.654GiB,0.82
1735060866,cdn,0.00,17.88MiB,7.654GiB,0.23
1735060866,discovery,0.36,28.9MiB,7.654GiB,0.37
1735060868,monolith,101.96,3.589GiB,4GiB,89.71
1735060868,recommendations,1.14,71.48MiB,7.654GiB,0.91
1735060868,teasers,1.51,65.01MiB,7.654GiB,0.83
1735060868,cdn,0.00,17.88MiB,7.654GiB,0.23
1735060868,discovery,0.21,28.18MiB,7.654GiB,0.36
1735060870,monolith,102.03,3.588GiB,4GiB,89.70
1735060870,recommendations,2.26,71.45MiB,7.654GiB,0.91
1735060870,teasers,2.82,65.55MiB,7.654GiB,0.84
1735060870,cdn,0.00,17.88MiB,7.654GiB,0.23
1735060870,discovery,0.30,28.26MiB,7.654GiB,0.36
1735060872,monolith,100.82,3.588GiB,4GiB,89.70
1735060872,recommendations,1.06,72.82MiB,7.654GiB,0.93
1735060872,teasers,1.82,66.44MiB,7.654GiB,0.85
1735060872,cdn,0.00,17.88MiB,7.654GiB,0.23
1735060872,discovery,0.07,28.34MiB,7.654GiB,0.36
1735060874,monolith,101.24,3.588GiB,4GiB,89.70
1735060874,recommendations,3.04,74.26MiB,7.654GiB,0.95
1735060874,teasers,2.98,67.83MiB,7.654GiB,0.87
1735060874,cdn,0.00,17.88MiB,7.654GiB,0.23
1735060874,discovery,0.21,28.45MiB,7.654GiB,0.36
1735060876,monolith,101.74,3.588GiB,4GiB,89.71
1735060876,recommendations,1.11,74.25MiB,7.654GiB,0.95
1735060876,teasers,1.65,69.56MiB,7.654GiB,0.89
1735060876,cdn,0.00,17.88MiB,7.654GiB,0.23
1735060876,discovery,0.12,28.52MiB,7.654GiB,0.36
1735060878,monolith,100.74,3.588GiB,4GiB,89.70
1735060878,recommendations,0.52,74.26MiB,7.654GiB,0.95
1735060878,teasers,1.04,69.66MiB,7.654GiB,0.89
1735060878,cdn,0.00,17.88MiB,7.654GiB,0.23
1735060878,discovery,0.05,28.61MiB,7.654GiB,0.36
1735060880,monolith,102.16,3.589GiB,4GiB,89.72
1735060880,recommendations,1.31,74.3MiB,7.654GiB,0.95
1735060880,teasers,1.22,70.63MiB,7.654GiB,0.90
1735060880,cdn,0.00,17.88MiB,7.654GiB,0.23
1735060880,discovery,0.13,28.71MiB,7.654GiB,0.37
1735060882,monolith,101.20,3.588GiB,4GiB,89.71
1735060882,recommendations,2.43,74.57MiB,7.654GiB,0.95
1735060882,teasers,1.72,70.76MiB,7.654GiB,0.90
1735060882,cdn,0.00,17.88MiB,7.654GiB,0.23
1735060882,discovery,0.28,28.79MiB,7.654GiB,0.37
1735060884,monolith,106.25,3.588GiB,4GiB,89.71
1735060884,recommendations,0.68,74.36MiB,7.654GiB,0.95
1735060884,teasers,0.63,71.75MiB,7.654GiB,0.92
1735060884,cdn,0.00,17.88MiB,7.654GiB,0.23
1735060884,discovery,0.07,28.88MiB,7.654GiB,0.37
1735060886,monolith,101.11,3.588GiB,4GiB,89.71
1735060886,recommendations,1.48,74.82MiB,7.654GiB,0.95
1735060886,teasers,1.16,71.78MiB,7.654GiB,0.92
1735060886,cdn,0.00,17.88MiB,7.654GiB,0.23
1735060886,discovery,0.19,28.16MiB,7.654GiB,0.36
1735060888,monolith,100.68,3.589GiB,4GiB,89.72
1735060888,recommendations,2.08,74.82MiB,7.654GiB,0.95
1735060888,teasers,1.00,73.04MiB,7.654GiB,0.93
1735060888,cdn,0.00,17.88MiB,7.654GiB,0.23
1735060888,discovery,0.05,28.24MiB,7.654GiB,0.36
1735060890,monolith,101.36,3.588GiB,4GiB,89.71
1735060890,recommendations,1.52,74.82MiB,7.654GiB,0.95
1735060890,teasers,2.42,75.2MiB,7.654GiB,0.96
1735060890,cdn,0.00,17.88MiB,7.654GiB,0.23
1735060890,discovery,0.11,28.35MiB,7.654GiB,0.36
1735060892,monolith,105.30,3.589GiB,4GiB,89.71
1735060892,recommendations,1.01,75.76MiB,7.654GiB,0.97
1735060892,teasers,2.44,75.2MiB,7.654GiB,0.96
1735060892,cdn,0.00,17.88MiB,7.654GiB,0.23
1735060892,discovery,0.13,28.43MiB,7.654GiB,0.36
1735060894,monolith,102.51,3.589GiB,4GiB,89.71
1735060894,recommendations,4.21,79.86MiB,7.654GiB,1.02
1735060894,teasers,5.38,78.55MiB,7.654GiB,1.00
1735060894,cdn,0.00,17.88MiB,7.654GiB,0.23
1735060894,discovery,0.17,28.61MiB,7.654GiB,0.37
1735060896,monolith,101.93,3.589GiB,4GiB,89.73
1735060896,recommendations,3.38,80.73MiB,7.654GiB,1.03
1735060896,teasers,3.74,78.34MiB,7.654GiB,1.00
1735060896,cdn,0.00,17.88MiB,7.654GiB,0.23
1735060896,discovery,0.28,28.8MiB,7.654GiB,0.37
1735060898,monolith,103.96,3.589GiB,4GiB,89.72
1735060898,recommendations,2.31,84.14MiB,7.654GiB,1.07
1735060898,teasers,4.07,78.59MiB,7.654GiB,1.00
1735060898,cdn,0.00,17.88MiB,7.654GiB,0.23
1735060898,discovery,0.72,28.16MiB,7.654GiB,0.36
1735060900,monolith,101.54,3.589GiB,4GiB,89.72
1735060900,recommendations,4.50,86.75MiB,7.654GiB,1.11
1735060900,teasers,1.54,78.43MiB,7.654GiB,1.00
1735060900,cdn,0.00,17.88MiB,7.654GiB,0.23
1735060900,discovery,0.14,28.32MiB,7.654GiB,0.36
1735060902,monolith,103.31,3.589GiB,4GiB,89.73
1735060902,recommendations,1.55,86.75MiB,7.654GiB,1.11
1735060902,teasers,2.36,79.91MiB,7.654GiB,1.02
1735060902,cdn,0.00,17.88MiB,7.654GiB,0.23
1735060902,discovery,0.19,28.5MiB,7.654GiB,0.36
1735060904,monolith,101.77,3.589GiB,4GiB,89.72
1735060904,recommendations,2.67,86.76MiB,7.654GiB,1.11
1735060904,teasers,1.68,81.54MiB,7.654GiB,1.04
1735060904,cdn,0.00,17.88MiB,7.654GiB,0.23
1735060904,discovery,0.22,28.68MiB,7.654GiB,0.37
1735060906,monolith,102.57,3.59GiB,4GiB,89.75
1735060906,recommendations,1.72,87.37MiB,7.654GiB,1.11
1735060906,teasers,1.71,81.54MiB,7.654GiB,1.04
1735060906,cdn,0.00,17.88MiB,7.654GiB,0.23
1735060906,discovery,0.28,28.85MiB,7.654GiB,0.37
1735060908,monolith,101.75,3.59GiB,4GiB,89.75
1735060908,recommendations,2.09,87.42MiB,7.654GiB,1.12
1735060908,teasers,1.65,83.63MiB,7.654GiB,1.07
1735060908,cdn,0.00,17.88MiB,7.654GiB,0.23
1735060908,discovery,0.17,28.21MiB,7.654GiB,0.36
1735060911,monolith,101.72,3.59GiB,4GiB,89.75
1735060911,recommendations,9.32,88.75MiB,7.654GiB,1.13
1735060911,teasers,2.01,87.34MiB,7.654GiB,1.11
1735060911,cdn,0.00,17.88MiB,7.654GiB,0.23
1735060911,discovery,0.18,28.4MiB,7.654GiB,0.36
1735060913,monolith,101.78,3.591GiB,4GiB,89.78
1735060913,recommendations,1.87,88.46MiB,7.654GiB,1.13
1735060913,teasers,2.18,87.75MiB,7.654GiB,1.12
1735060913,cdn,0.00,17.88MiB,7.654GiB,0.23
1735060913,discovery,0.20,28.58MiB,7.654GiB,0.36
1735060915,monolith,101.84,3.591GiB,4GiB,89.78
1735060915,recommendations,3.76,88.46MiB,7.654GiB,1.13
1735060915,teasers,3.21,90.42MiB,7.654GiB,1.15
1735060915,cdn,0.00,17.88MiB,7.654GiB,0.23
1735060915,discovery,0.21,28.74MiB,7.654GiB,0.37
1735060917,monolith,105.06,3.593GiB,4GiB,89.81
1735060917,recommendations,9.15,88.46MiB,7.654GiB,1.13
1735060917,teasers,6.76,94.21MiB,7.654GiB,1.20
1735060917,cdn,0.00,17.88MiB,7.654GiB,0.23
1735060917,discovery,0.54,28.11MiB,7.654GiB,0.36
1735060919,monolith,102.70,3.592GiB,4GiB,89.80
1735060919,recommendations,4.38,88.58MiB,7.654GiB,1.13
1735060919,teasers,3.91,93.88MiB,7.654GiB,1.20
1735060919,cdn,0.00,17.88MiB,7.654GiB,0.23
1735060919,discovery,0.19,28.29MiB,7.654GiB,0.36
1735060921,monolith,102.38,3.592GiB,4GiB,89.80
1735060921,recommendations,3.22,88.5MiB,7.654GiB,1.13
1735060921,teasers,3.58,93.94MiB,7.654GiB,1.20
1735060921,cdn,0.00,17.88MiB,7.654GiB,0.23
1735060921,discovery,0.22,28.47MiB,7.654GiB,0.36
1735060923,monolith,103.42,3.593GiB,4GiB,89.83
1735060923,recommendations,5.86,88.68MiB,7.654GiB,1.13
1735060923,teasers,6.85,94.48MiB,7.654GiB,1.21
1735060923,cdn,0.00,17.88MiB,7.654GiB,0.23
1735060923,discovery,0.38,28.73MiB,7.654GiB,0.37
1735060925,monolith,104.27,3.594GiB,4GiB,89.85
1735060925,recommendations,8.78,88.92MiB,7.654GiB,1.13
1735060925,teasers,14.12,96.86MiB,7.654GiB,1.24
1735060925,cdn,0.00,17.88MiB,7.654GiB,0.23
1735060925,discovery,0.49,28.46MiB,7.654GiB,0.36
1735060927,monolith,105.00,3.595GiB,4GiB,89.88
1735060927,recommendations,14.82,90.24MiB,7.654GiB,1.15
1735060927,teasers,6.33,98.18MiB,7.654GiB,1.25
1735060927,cdn,0.00,17.88MiB,7.654GiB,0.23
1735060927,discovery,1.38,28.19MiB,7.654GiB,0.36
1735060929,monolith,103.78,3.595GiB,4GiB,89.88
1735060929,recommendations,7.26,90.28MiB,7.654GiB,1.15
1735060929,teasers,5.97,97.59MiB,7.654GiB,1.25
1735060929,cdn,0.00,17.88MiB,7.654GiB,0.23
1735060929,discovery,0.48,28.71MiB,7.654GiB,0.37
1735060931,monolith,106.01,3.596GiB,4GiB,89.90
1735060931,recommendations,7.42,90.32MiB,7.654GiB,1.15
1735060931,teasers,5.57,97.98MiB,7.654GiB,1.25
1735060931,cdn,0.00,17.88MiB,7.654GiB,0.23
1735060931,discovery,0.45,28.42MiB,7.654GiB,0.36
1735060933,monolith,103.73,3.596GiB,4GiB,89.91
1735060933,recommendations,10.97,90.34MiB,7.654GiB,1.15
1735060933,teasers,5.12,98.12MiB,7.654GiB,1.25
1735060933,cdn,0.00,17.88MiB,7.654GiB,0.23
1735060933,discovery,0.54,28.16MiB,7.654GiB,0.36
1735060935,monolith,106.44,3.598GiB,4GiB,89.94
1735060935,recommendations,6.10,91.11MiB,7.654GiB,1.16
1735060935,teasers,6.08,100.2MiB,7.654GiB,1.28
1735060935,cdn,0.00,17.88MiB,7.654GiB,0.23
1735060935,discovery,0.53,28.68MiB,7.654GiB,0.37
1735060937,monolith,104.13,3.598GiB,4GiB,89.95
1735060937,recommendations,8.55,91.56MiB,7.654GiB,1.17
1735060937,teasers,7.27,100.7MiB,7.654GiB,1.28
1735060937,cdn,0.00,17.88MiB,7.654GiB,0.23
1735060937,discovery,0.48,28.42MiB,7.654GiB,0.36
1735060939,monolith,105.00,3.599GiB,4GiB,89.98
1735060939,recommendations,3.97,91.36MiB,7.654GiB,1.17
1735060939,teasers,5.24,100.2MiB,7.654GiB,1.28
1735060939,cdn,0.00,17.88MiB,7.654GiB,0.23
1735060939,discovery,0.48,28.11MiB,7.654GiB,0.36
1735060941,monolith,103.69,3.599GiB,4GiB,89.98
1735060941,recommendations,4.02,91.41MiB,7.654GiB,1.17
1735060941,teasers,3.61,100.3MiB,7.654GiB,1.28
1735060941,cdn,0.00,17.88MiB,7.654GiB,0.23
1735060941,discovery,0.41,28.64MiB,7.654GiB,0.37
1735060943,monolith,104.31,3.6GiB,4GiB,90.00
1735060943,recommendations,4.21,91.39MiB,7.654GiB,1.17
1735060943,teasers,11.52,63.17MiB,7.654GiB,0.81
1735060943,cdn,0.00,17.88MiB,7.654GiB,0.23
1735060943,discovery,0.53,28.34MiB,7.654GiB,0.36
1735060945,monolith,103.62,3.601GiB,4GiB,90.02
1735060945,recommendations,5.85,91.75MiB,7.654GiB,1.17
1735060945,teasers,6.42,69.55MiB,7.654GiB,0.89
1735060945,cdn,0.00,17.88MiB,7.654GiB,0.23
1735060945,discovery,0.46,28.86MiB,7.654GiB,0.37
1735060947,monolith,105.11,3.602GiB,4GiB,90.05
1735060947,recommendations,4.04,91.47MiB,7.654GiB,1.17
1735060947,teasers,8.94,72.8MiB,7.654GiB,0.93
1735060947,cdn,0.00,17.88MiB,7.654GiB,0.23
1735060947,discovery,0.53,28.57MiB,7.654GiB,0.36
1735060949,monolith,104.22,3.602GiB,4GiB,90.05
1735060949,recommendations,5.99,91.8MiB,7.654GiB,1.17
1735060949,teasers,8.96,79.03MiB,7.654GiB,1.01
1735060949,cdn,0.00,17.88MiB,7.654GiB,0.23
1735060949,discovery,0.64,28.3MiB,7.654GiB,0.36
1735060951,monolith,103.53,3.602GiB,4GiB,90.06
1735060951,recommendations,4.62,91.99MiB,7.654GiB,1.17
1735060951,teasers,7.17,79.95MiB,7.654GiB,1.02
1735060951,cdn,0.00,17.88MiB,7.654GiB,0.23
1735060951,discovery,0.40,28.82MiB,7.654GiB,0.37
1735060953,monolith,108.97,3.603GiB,4GiB,90.09
1735060953,recommendations,12.67,92.03MiB,7.654GiB,1.17
1735060953,teasers,13.99,84.24MiB,7.654GiB,1.07
1735060953,cdn,0.00,17.88MiB,7.654GiB,0.23
1735060953,discovery,0.95,28.67MiB,7.654GiB,0.37
1735060955,monolith,107.32,3.604GiB,4GiB,90.09
1735060955,recommendations,8.10,91.96MiB,7.654GiB,1.17
1735060955,teasers,11.78,94.35MiB,7.654GiB,1.20
1735060955,cdn,0.00,17.88MiB,7.654GiB,0.23
1735060955,discovery,0.73,28.74MiB,7.654GiB,0.37
1735060957,monolith,148.03,3.605GiB,4GiB,90.12
1735060957,recommendations,16.55,92.14MiB,7.654GiB,1.18
1735060957,teasers,23.08,97.64MiB,7.654GiB,1.25
1735060957,cdn,0.00,17.88MiB,7.654GiB,0.23
1735060957,discovery,1.42,28.83MiB,7.654GiB,0.37
1735060959,monolith,126.63,3.606GiB,4GiB,90.14
1735060959,recommendations,13.69,92.16MiB,7.654GiB,1.18
1735060959,teasers,13.29,97.96MiB,7.654GiB,1.25
1735060959,cdn,0.00,17.88MiB,7.654GiB,0.23
1735060959,discovery,0.89,28.14MiB,7.654GiB,0.36
1735060961,monolith,107.97,3.606GiB,4GiB,90.14
1735060961,recommendations,8.89,92.2MiB,7.654GiB,1.18
1735060961,teasers,11.65,98.68MiB,7.654GiB,1.26
1735060961,cdn,0.00,17.88MiB,7.654GiB,0.23
1735060961,discovery,0.81,28.2MiB,7.654GiB,0.36
1735060963,monolith,106.72,3.607GiB,4GiB,90.17
1735060963,recommendations,8.58,92.18MiB,7.654GiB,1.18
1735060963,teasers,8.31,99.41MiB,7.654GiB,1.27
1735060963,cdn,0.00,17.88MiB,7.654GiB,0.23
1735060963,discovery,0.84,28.5MiB,7.654GiB,0.36
1735060965,monolith,108.32,3.608GiB,4GiB,90.19
1735060965,recommendations,13.35,92.45MiB,7.654GiB,1.18
1735060965,teasers,12.24,99.52MiB,7.654GiB,1.27
1735060965,cdn,0.00,17.88MiB,7.654GiB,0.23
1735060965,discovery,0.82,28.32MiB,7.654GiB,0.36
1735060967,monolith,110.29,3.608GiB,4GiB,90.19
1735060967,recommendations,10.96,92.45MiB,7.654GiB,1.18
1735060967,teasers,17.44,100.4MiB,7.654GiB,1.28
1735060967,cdn,0.00,17.88MiB,7.654GiB,0.23
1735060967,discovery,1.25,28.4MiB,7.654GiB,0.36
1735060969,monolith,110.66,3.611GiB,4GiB,90.27
1735060969,recommendations,19.57,92.72MiB,7.654GiB,1.18
1735060969,teasers,15.15,100.4MiB,7.654GiB,1.28
1735060969,cdn,0.00,17.88MiB,7.654GiB,0.23
1735060969,discovery,0.95,28.47MiB,7.654GiB,0.36
1735060971,monolith,107.42,3.611GiB,4GiB,90.27
1735060971,recommendations,9.90,92.52MiB,7.654GiB,1.18
1735060971,teasers,9.78,100.6MiB,7.654GiB,1.28
1735060971,cdn,0.00,17.88MiB,7.654GiB,0.23
1735060971,discovery,0.97,28.54MiB,7.654GiB,0.36
1735060973,monolith,134.10,3.613GiB,4GiB,90.31
1735060973,recommendations,10.02,92.77MiB,7.654GiB,1.18
1735060973,teasers,16.65,101.6MiB,7.654GiB,1.30
1735060973,cdn,0.00,17.88MiB,7.654GiB,0.23
1735060973,discovery,0.83,28.62MiB,7.654GiB,0.37
1735060975,monolith,107.97,3.613GiB,4GiB,90.32
1735060975,recommendations,12.31,92.79MiB,7.654GiB,1.18
1735060975,teasers,11.69,100.6MiB,7.654GiB,1.28
1735060975,cdn,0.00,17.88MiB,7.654GiB,0.23
1735060975,discovery,0.66,28.67MiB,7.654GiB,0.37
1735060977,monolith,108.71,3.613GiB,4GiB,90.33
1735060977,recommendations,11.41,92.64MiB,7.654GiB,1.18
1735060977,teasers,10.35,100.6MiB,7.654GiB,1.28
1735060977,cdn,0.00,17.88MiB,7.654GiB,0.23
1735060977,discovery,0.75,28.75MiB,7.654GiB,0.37
1735060979,monolith,131.46,3.615GiB,4GiB,90.38
1735060979,recommendations,8.01,92.62MiB,7.654GiB,1.18
1735060979,teasers,12.03,101.1MiB,7.654GiB,1.29
1735060979,cdn,0.00,17.88MiB,7.654GiB,0.23
1735060979,discovery,1.37,28.2MiB,7.654GiB,0.36
1735060981,monolith,122.85,3.615GiB,4GiB,90.38
1735060981,recommendations,9.96,92.65MiB,7.654GiB,1.18
1735060981,teasers,8.39,101.2MiB,7.654GiB,1.29
1735060981,cdn,0.00,17.88MiB,7.654GiB,0.23
1735060981,discovery,1.27,28.18MiB,7.654GiB,0.36
1735060983,monolith,109.74,3.616GiB,4GiB,90.39
1735060983,recommendations,15.44,92.65MiB,7.654GiB,1.18
1735060983,teasers,16.91,101.4MiB,7.654GiB,1.29
1735060983,cdn,0.00,17.88MiB,7.654GiB,0.23
1735060983,discovery,0.94,28.3MiB,7.654GiB,0.36
1735060985,monolith,136.41,3.618GiB,4GiB,90.45
1735060985,recommendations,14.95,92.66MiB,7.654GiB,1.18
1735060985,teasers,12.47,101.8MiB,7.654GiB,1.30
1735060985,cdn,0.00,17.88MiB,7.654GiB,0.23
1735060985,discovery,1.04,28.41MiB,7.654GiB,0.36
1735060987,monolith,109.43,3.618GiB,4GiB,90.46
1735060987,recommendations,10.62,92.69MiB,7.654GiB,1.18
1735060987,teasers,12.20,101.5MiB,7.654GiB,1.29
1735060987,cdn,0.00,17.88MiB,7.654GiB,0.23
1735060987,discovery,0.86,28.49MiB,7.654GiB,0.36
1735060989,monolith,108.03,3.619GiB,4GiB,90.48
1735060989,recommendations,9.78,92.66MiB,7.654GiB,1.18
1735060989,teasers,11.11,101.7MiB,7.654GiB,1.30
1735060989,cdn,0.00,17.88MiB,7.654GiB,0.23
1735060989,discovery,0.71,28.62MiB,7.654GiB,0.37
1735060991,monolith,109.32,3.62GiB,4GiB,90.51
1735060991,recommendations,11.61,92.68MiB,7.654GiB,1.18
1735060991,teasers,13.45,101.9MiB,7.654GiB,1.30
1735060991,cdn,0.00,17.88MiB,7.654GiB,0.23
1735060991,discovery,0.88,28.73MiB,7.654GiB,0.37
1735060993,monolith,123.34,3.687GiB,4GiB,92.18
1735060993,recommendations,13.83,92.97MiB,7.654GiB,1.19
1735060993,teasers,19.55,101.8MiB,7.654GiB,1.30
1735060993,cdn,0.00,17.88MiB,7.654GiB,0.23
1735060993,discovery,0.98,28.83MiB,7.654GiB,0.37
1735060995,monolith,108.46,3.687GiB,4GiB,92.19
1735060995,recommendations,15.50,93.35MiB,7.654GiB,1.19
1735060995,teasers,11.31,101.8MiB,7.654GiB,1.30
1735060995,cdn,0.09,17.88MiB,7.654GiB,0.23
1735060995,discovery,1.15,28.93MiB,7.654GiB,0.37
1735060997,monolith,122.73,3.688GiB,4GiB,92.20
1735060997,recommendations,9.55,93.08MiB,7.654GiB,1.19
1735060997,teasers,9.87,101.8MiB,7.654GiB,1.30
1735060997,cdn,0.00,17.88MiB,7.654GiB,0.23
1735060997,discovery,0.95,28.19MiB,7.654GiB,0.36
1735060999,monolith,108.00,3.688GiB,4GiB,92.20
1735060999,recommendations,16.13,93.12MiB,7.654GiB,1.19
1735060999,teasers,11.32,101.9MiB,7.654GiB,1.30
1735060999,cdn,0.00,17.88MiB,7.654GiB,0.23
1735060999,discovery,0.91,28.23MiB,7.654GiB,0.36
1735061001,monolith,107.42,3.689GiB,4GiB,92.21
1735061001,recommendations,14.83,92.5MiB,7.654GiB,1.18
1735061001,teasers,10.38,101.9MiB,7.654GiB,1.30
1735061001,cdn,0.00,17.88MiB,7.654GiB,0.23
1735061001,discovery,0.85,28.34MiB,7.654GiB,0.36
1735061003,monolith,135.55,3.689GiB,4GiB,92.22
1735061003,recommendations,17.49,92.55MiB,7.654GiB,1.18
1735061003,teasers,21.29,102.1MiB,7.654GiB,1.30
1735061003,cdn,0.00,17.88MiB,7.654GiB,0.23
1735061003,discovery,1.24,28.46MiB,7.654GiB,0.36
1735061005,monolith,108.50,3.689GiB,4GiB,92.23
1735061005,recommendations,16.57,92.62MiB,7.654GiB,1.18
1735061005,teasers,9.06,101.8MiB,7.654GiB,1.30
1735061005,cdn,0.00,17.88MiB,7.654GiB,0.23
1735061005,discovery,1.04,29.04MiB,7.654GiB,0.37
1735061007,monolith,108.26,3.69GiB,4GiB,92.24
1735061007,recommendations,13.59,92.54MiB,7.654GiB,1.18
1735061007,teasers,10.69,101.9MiB,7.654GiB,1.30
1735061007,cdn,0.00,17.88MiB,7.654GiB,0.23
1735061007,discovery,1.01,28.63MiB,7.654GiB,0.37
1735061010,monolith,134.29,3.69GiB,4GiB,92.26
1735061010,recommendations,21.88,93.49MiB,7.654GiB,1.19
1735061010,teasers,11.81,102.6MiB,7.654GiB,1.31
1735061010,cdn,0.00,17.88MiB,7.654GiB,0.23
1735061010,discovery,0.96,28.75MiB,7.654GiB,0.37
1735061012,monolith,106.66,3.691GiB,4GiB,92.27
1735061012,recommendations,8.55,92.79MiB,7.654GiB,1.18
1735061012,teasers,9.00,102.7MiB,7.654GiB,1.31
1735061012,cdn,0.00,17.88MiB,7.654GiB,0.23
1735061012,discovery,0.67,28.84MiB,7.654GiB,0.37
1735061014,monolith,108.99,3.691GiB,4GiB,92.26
1735061014,recommendations,12.98,92.62MiB,7.654GiB,1.18
1735061014,teasers,11.33,102.8MiB,7.654GiB,1.31
1735061014,cdn,0.00,17.88MiB,7.654GiB,0.23
1735061014,discovery,4.69,28.09MiB,7.654GiB,0.36
1735061016,monolith,109.71,3.692GiB,4GiB,92.29
1735061016,recommendations,11.49,92.62MiB,7.654GiB,1.18
1735061016,teasers,11.61,102.8MiB,7.654GiB,1.31
1735061016,cdn,0.00,17.88MiB,7.654GiB,0.23
1735061016,discovery,0.92,28.2MiB,7.654GiB,0.36
1735061018,monolith,109.25,3.691GiB,4GiB,92.28
1735061018,recommendations,14.63,92.64MiB,7.654GiB,1.18
1735061018,teasers,13.32,103.1MiB,7.654GiB,1.32
1735061018,cdn,0.00,17.88MiB,7.654GiB,0.23
1735061018,discovery,1.40,28.23MiB,7.654GiB,0.36
1735061020,monolith,129.81,3.692GiB,4GiB,92.29
1735061020,recommendations,9.48,92.62MiB,7.654GiB,1.18
1735061020,teasers,20.33,103MiB,7.654GiB,1.31
1735061020,cdn,0.00,17.88MiB,7.654GiB,0.23
1735061020,discovery,0.99,28.32MiB,7.654GiB,0.36
1735061022,monolith,107.77,3.692GiB,4GiB,92.30
1735061022,recommendations,11.41,92.65MiB,7.654GiB,1.18
1735061022,teasers,10.80,103MiB,7.654GiB,1.31
1735061022,cdn,0.00,17.88MiB,7.654GiB,0.23
1735061022,discovery,1.28,28.44MiB,7.654GiB,0.36
1735061024,monolith,106.46,3.692GiB,4GiB,92.31
1735061024,recommendations,13.89,92.91MiB,7.654GiB,1.19
1735061024,teasers,12.27,104.5MiB,7.654GiB,1.33
1735061024,cdn,0.00,17.88MiB,7.654GiB,0.23
1735061024,discovery,0.87,28.52MiB,7.654GiB,0.36
1735061026,monolith,111.89,3.693GiB,4GiB,92.32
1735061026,recommendations,9.62,92.75MiB,7.654GiB,1.18
1735061026,teasers,11.13,102.8MiB,7.654GiB,1.31
1735061026,cdn,0.28,17.88MiB,7.654GiB,0.23
1735061026,discovery,0.91,28.57MiB,7.654GiB,0.36
1735061028,monolith,106.87,3.693GiB,4GiB,92.33
1735061028,recommendations,9.92,93.08MiB,7.654GiB,1.19
1735061028,teasers,10.28,102.5MiB,7.654GiB,1.31
1735061028,cdn,0.00,17.88MiB,7.654GiB,0.23
1735061028,discovery,1.26,28.64MiB,7.654GiB,0.37
1735061030,monolith,112.20,3.694GiB,4GiB,92.35
1735061030,recommendations,11.11,92.93MiB,7.654GiB,1.19
1735061030,teasers,18.04,102.3MiB,7.654GiB,1.30
1735061030,cdn,0.00,17.88MiB,7.654GiB,0.23
1735061030,discovery,0.80,28.69MiB,7.654GiB,0.37
1735061032,monolith,107.43,3.694GiB,4GiB,92.34
1735061032,recommendations,11.05,93.01MiB,7.654GiB,1.19
1735061032,teasers,10.37,102.3MiB,7.654GiB,1.30
1735061032,cdn,0.00,17.88MiB,7.654GiB,0.23
1735061032,discovery,0.76,28.75MiB,7.654GiB,0.37
1735061034,monolith,107.85,3.694GiB,4GiB,92.35
1735061034,recommendations,10.37,93.04MiB,7.654GiB,1.19
1735061034,teasers,12.23,102.4MiB,7.654GiB,1.31
1735061034,cdn,0.00,17.88MiB,7.654GiB,0.23
1735061034,discovery,0.80,28.86MiB,7.654GiB,0.37
1735061036,monolith,105.78,3.706GiB,4GiB,92.64
1735061036,recommendations,8.30,93.07MiB,7.654GiB,1.19
1735061036,teasers,10.65,102.5MiB,7.654GiB,1.31
1735061036,cdn,0.00,17.88MiB,7.654GiB,0.23
1735061036,discovery,0.71,28.92MiB,7.654GiB,0.37
1735061038,monolith,107.02,3.706GiB,4GiB,92.65
1735061038,recommendations,13.47,93.03MiB,7.654GiB,1.19
1735061038,teasers,9.41,102.3MiB,7.654GiB,1.31
1735061038,cdn,0.00,17.88MiB,7.654GiB,0.23
1735061038,discovery,1.03,28.14MiB,7.654GiB,0.36
1735061040,monolith,106.89,3.706GiB,4GiB,92.65
1735061040,recommendations,16.79,93.15MiB,7.654GiB,1.19
1735061040,teasers,24.21,102.4MiB,7.654GiB,1.31
1735061040,cdn,0.00,17.88MiB,7.654GiB,0.23
1735061040,discovery,0.91,28.21MiB,7.654GiB,0.36
1735061042,monolith,106.46,3.706GiB,4GiB,92.66
1735061042,recommendations,18.05,93.37MiB,7.654GiB,1.19
1735061042,teasers,10.25,102.3MiB,7.654GiB,1.31
1735061042,cdn,0.00,17.88MiB,7.654GiB,0.23
1735061042,discovery,0.89,28.31MiB,7.654GiB,0.36
1735061044,monolith,142.86,3.707GiB,4GiB,92.67
1735061044,recommendations,10.11,94.61MiB,7.654GiB,1.21
1735061044,teasers,11.68,102.4MiB,7.654GiB,1.31
1735061044,cdn,0.00,17.88MiB,7.654GiB,0.23
1735061044,discovery,0.84,28.32MiB,7.654GiB,0.36
1735061046,monolith,108.68,3.707GiB,4GiB,92.68
1735061046,recommendations,9.49,93.73MiB,7.654GiB,1.20
1735061046,teasers,12.18,102.3MiB,7.654GiB,1.31
1735061046,cdn,0.00,17.88MiB,7.654GiB,0.23
1735061046,discovery,1.33,28.5MiB,7.654GiB,0.36
1735061048,monolith,108.68,3.707GiB,4GiB,92.68
1735061048,recommendations,11.63,93.72MiB,7.654GiB,1.20
1735061048,teasers,12.37,102.4MiB,7.654GiB,1.31
1735061048,cdn,0.00,17.88MiB,7.654GiB,0.23
1735061048,discovery,0.91,28.62MiB,7.654GiB,0.37
1735061050,monolith,139.60,3.708GiB,4GiB,92.69
1735061050,recommendations,11.41,93.98MiB,7.654GiB,1.20
1735061050,teasers,19.87,102.5MiB,7.654GiB,1.31
1735061050,cdn,0.00,17.88MiB,7.654GiB,0.23
1735061050,discovery,0.87,28.71MiB,7.654GiB,0.37
1735061052,monolith,107.41,3.708GiB,4GiB,92.70
1735061052,recommendations,10.59,94.92MiB,7.654GiB,1.21
1735061052,teasers,10.97,102.5MiB,7.654GiB,1.31
1735061052,cdn,0.00,17.88MiB,7.654GiB,0.23
1735061052,discovery,0.99,28.82MiB,7.654GiB,0.37
1735061054,monolith,121.60,3.73GiB,4GiB,93.26
1735061054,recommendations,11.48,93.84MiB,7.654GiB,1.20
1735061054,teasers,12.24,103.1MiB,7.654GiB,1.32
1735061054,cdn,0.00,17.88MiB,7.654GiB,0.23
1735061054,discovery,0.84,28.17MiB,7.654GiB,0.36
1735061056,monolith,105.83,3.731GiB,4GiB,93.26
1735061056,recommendations,13.96,94.1MiB,7.654GiB,1.20
1735061056,teasers,8.02,102.7MiB,7.654GiB,1.31
1735061056,cdn,0.15,17.88MiB,7.654GiB,0.23
1735061056,discovery,0.80,28.25MiB,7.654GiB,0.36
1735061058,monolith,114.39,3.731GiB,4GiB,93.28
1735061058,recommendations,28.37,94.14MiB,7.654GiB,1.20
1735061058,teasers,30.80,102.8MiB,7.654GiB,1.31
1735061058,cdn,0.00,17.88MiB,7.654GiB,0.23
1735061058,discovery,1.60,28.38MiB,7.654GiB,0.36
1735061060,monolith,109.02,3.731GiB,4GiB,93.28
1735061060,recommendations,23.96,94.86MiB,7.654GiB,1.21
1735061060,teasers,14.18,103.8MiB,7.654GiB,1.32
1735061060,cdn,0.00,17.88MiB,7.654GiB,0.23
1735061060,discovery,1.12,28.48MiB,7.654GiB,0.36
1735061062,monolith,107.31,3.732GiB,4GiB,93.31
1735061062,recommendations,11.13,94.22MiB,7.654GiB,1.20
1735061062,teasers,10.21,102.8MiB,7.654GiB,1.31
1735061062,cdn,0.00,17.88MiB,7.654GiB,0.23
1735061062,discovery,0.81,28.59MiB,7.654GiB,0.36
1735061064,monolith,107.42,3.732GiB,4GiB,93.30
1735061064,recommendations,12.34,94.38MiB,7.654GiB,1.20
1735061064,teasers,8.12,102.9MiB,7.654GiB,1.31
1735061064,cdn,0.00,17.88MiB,7.654GiB,0.23
1735061064,discovery,0.71,28.7MiB,7.654GiB,0.37
1735061066,monolith,108.45,3.927GiB,4GiB,98.17
1735061066,recommendations,13.09,94.41MiB,7.654GiB,1.20
1735061066,teasers,24.78,102.9MiB,7.654GiB,1.31
1735061066,cdn,0.00,17.88MiB,7.654GiB,0.23
1735061066,discovery,0.82,28.81MiB,7.654GiB,0.37
1735061068,monolith,107.89,3.928GiB,4GiB,98.20
1735061068,recommendations,9.88,94.42MiB,7.654GiB,1.20
1735061068,teasers,9.99,102.9MiB,7.654GiB,1.31
1735061068,cdn,0.00,17.88MiB,7.654GiB,0.23
1735061068,discovery,0.85,28.12MiB,7.654GiB,0.36
1735061070,monolith,119.10,3.929GiB,4GiB,98.24
1735061070,recommendations,24.77,94.91MiB,7.654GiB,1.21
1735061070,teasers,17.58,103MiB,7.654GiB,1.31
1735061070,cdn,0.00,17.88MiB,7.654GiB,0.23
1735061070,discovery,1.18,28.28MiB,7.654GiB,0.36
1735061072,monolith,107.64,3.93GiB,4GiB,98.24
1735061072,recommendations,9.74,94.69MiB,7.654GiB,1.21
1735061072,teasers,9.23,103MiB,7.654GiB,1.31
1735061072,cdn,0.00,17.88MiB,7.654GiB,0.23
1735061072,discovery,0.89,28.39MiB,7.654GiB,0.36
1735061074,monolith,109.40,3.932GiB,4GiB,98.30
1735061074,recommendations,21.04,94.68MiB,7.654GiB,1.21
1735061074,teasers,9.02,103MiB,7.654GiB,1.31
1735061074,cdn,0.00,17.88MiB,7.654GiB,0.23
1735061074,discovery,1.35,28.51MiB,7.654GiB,0.36
1735061076,monolith,109.21,3.932GiB,4GiB,98.31
1735061076,recommendations,11.21,94.67MiB,7.654GiB,1.21
1735061076,teasers,16.74,103MiB,7.654GiB,1.31
1735061076,cdn,0.00,17.88MiB,7.654GiB,0.23
1735061076,discovery,0.95,28.59MiB,7.654GiB,0.36
1735061078,monolith,108.90,3.933GiB,4GiB,98.33
1735061078,recommendations,12.39,94.71MiB,7.654GiB,1.21
1735061078,teasers,10.89,103MiB,7.654GiB,1.31
1735061078,cdn,0.00,17.88MiB,7.654GiB,0.23
1735061078,discovery,1.02,28.7MiB,7.654GiB,0.37
1735061080,monolith,107.72,3.934GiB,4GiB,98.35
1735061080,recommendations,10.83,94.73MiB,7.654GiB,1.21
1735061080,teasers,13.90,103.8MiB,7.654GiB,1.32
1735061080,cdn,0.00,17.88MiB,7.654GiB,0.23
1735061080,discovery,0.74,28.83MiB,7.654GiB,0.37
1735061082,monolith,126.74,3.935GiB,4GiB,98.38
1735061082,recommendations,11.06,94.76MiB,7.654GiB,1.21
1735061082,teasers,9.72,103.6MiB,7.654GiB,1.32
1735061082,cdn,0.00,17.88MiB,7.654GiB,0.23
1735061082,discovery,0.97,28.14MiB,7.654GiB,0.36
1735061084,monolith,108.53,3.936GiB,4GiB,98.40
1735061084,recommendations,10.68,94.79MiB,7.654GiB,1.21
1735061084,teasers,8.96,103.6MiB,7.654GiB,1.32
1735061084,cdn,0.00,17.88MiB,7.654GiB,0.23
1735061084,discovery,1.14,28.25MiB,7.654GiB,0.36
1735061086,monolith,110.70,3.936GiB,4GiB,98.41
1735061086,recommendations,9.73,95.1MiB,7.654GiB,1.21
1735061086,teasers,20.30,103.6MiB,7.654GiB,1.32
1735061086,cdn,0.00,17.88MiB,7.654GiB,0.23
1735061086,discovery,1.06,28.36MiB,7.654GiB,0.36
1735061088,monolith,128.57,3.938GiB,4GiB,98.44
1735061088,recommendations,14.17,94.77MiB,7.654GiB,1.21
1735061088,teasers,11.42,103.6MiB,7.654GiB,1.32
1735061088,cdn,0.00,17.88MiB,7.654GiB,0.23
1735061088,discovery,0.86,28.46MiB,7.654GiB,0.36
1735061090,monolith,108.34,3.939GiB,4GiB,98.47
1735061090,recommendations,11.02,94.78MiB,7.654GiB,1.21
1735061090,teasers,11.96,103.7MiB,7.654GiB,1.32
1735061090,cdn,0.00,17.88MiB,7.654GiB,0.23
1735061090,discovery,1.05,28.57MiB,7.654GiB,0.36
1735061092,monolith,109.20,3.94GiB,4GiB,98.49
1735061092,recommendations,13.92,94.77MiB,7.654GiB,1.21
1735061092,teasers,12.03,103.7MiB,7.654GiB,1.32
1735061092,cdn,0.00,17.88MiB,7.654GiB,0.23
1735061092,discovery,1.00,28.7MiB,7.654GiB,0.37
1735061094,monolith,129.16,3.941GiB,4GiB,98.53
1735061094,recommendations,12.14,94.84MiB,7.654GiB,1.21
1735061094,teasers,12.25,103.7MiB,7.654GiB,1.32
1735061094,cdn,0.00,17.88MiB,7.654GiB,0.23
1735061094,discovery,0.94,28.78MiB,7.654GiB,0.37
1735061096,monolith,108.61,3.942GiB,4GiB,98.54
1735061096,recommendations,9.55,94.81MiB,7.654GiB,1.21
1735061096,teasers,9.71,104MiB,7.654GiB,1.33
1735061096,cdn,0.00,17.88MiB,7.654GiB,0.23
1735061096,discovery,1.04,28.15MiB,7.654GiB,0.36
1735061099,monolith,109.47,3.943GiB,4GiB,98.58
1735061099,recommendations,10.63,94.83MiB,7.654GiB,1.21
1735061099,teasers,9.18,103.7MiB,7.654GiB,1.32
1735061099,cdn,0.00,17.88MiB,7.654GiB,0.23
1735061099,discovery,1.27,28.2MiB,7.654GiB,0.36
1735061101,monolith,107.85,3.944GiB,4GiB,98.60
1735061101,recommendations,12.35,94.87MiB,7.654GiB,1.21
1735061101,teasers,7.42,103.8MiB,7.654GiB,1.32
1735061101,cdn,0.00,17.88MiB,7.654GiB,0.23
1735061101,discovery,1.03,28.29MiB,7.654GiB,0.36
1735061103,monolith,110.95,3.945GiB,4GiB,98.62
1735061103,recommendations,12.25,94.88MiB,7.654GiB,1.21
1735061103,teasers,22.25,104.1MiB,7.654GiB,1.33
1735061103,cdn,0.00,17.88MiB,7.654GiB,0.23
1735061103,discovery,1.24,28.42MiB,7.654GiB,0.36
1735061105,monolith,107.20,3.947GiB,4GiB,98.66
1735061105,recommendations,8.02,94.86MiB,7.654GiB,1.21
1735061105,teasers,8.40,104MiB,7.654GiB,1.33
1735061105,cdn,0.00,17.88MiB,7.654GiB,0.23
1735061105,discovery,0.98,28.52MiB,7.654GiB,0.36
1735061107,monolith,108.69,3.947GiB,4GiB,98.67
1735061107,recommendations,20.75,94.89MiB,7.654GiB,1.21
1735061107,teasers,11.16,104MiB,7.654GiB,1.33
1735061107,cdn,0.00,17.88MiB,7.654GiB,0.23
1735061107,discovery,1.05,28.51MiB,7.654GiB,0.36
1735061109,monolith,108.69,3.949GiB,4GiB,98.72
1735061109,recommendations,15.07,94.93MiB,7.654GiB,1.21
1735061109,teasers,9.46,103.9MiB,7.654GiB,1.33
1735061109,cdn,0.00,17.88MiB,7.654GiB,0.23
1735061109,discovery,1.24,28.62MiB,7.654GiB,0.37
1735061111,monolith,108.62,3.948GiB,4GiB,98.71
1735061111,recommendations,21.27,94.97MiB,7.654GiB,1.21
1735061111,teasers,10.96,104MiB,7.654GiB,1.33
1735061111,cdn,0.00,17.88MiB,7.654GiB,0.23
1735061111,discovery,0.97,28.83MiB,7.654GiB,0.37
1735061113,monolith,107.57,3.95GiB,4GiB,98.74
1735061113,recommendations,13.79,95.24MiB,7.654GiB,1.22
1735061113,teasers,18.26,104MiB,7.654GiB,1.33
1735061113,cdn,0.00,17.88MiB,7.654GiB,0.23
1735061113,discovery,0.91,28.22MiB,7.654GiB,0.36
1735061115,monolith,109.09,3.951GiB,4GiB,98.77
1735061115,recommendations,13.26,95.03MiB,7.654GiB,1.21
1735061115,teasers,11.17,104.2MiB,7.654GiB,1.33
1735061115,cdn,0.00,17.88MiB,7.654GiB,0.23
1735061115,discovery,1.21,28.27MiB,7.654GiB,0.36
1735061117,monolith,145.29,3.952GiB,4GiB,98.79
1735061117,recommendations,13.81,95.19MiB,7.654GiB,1.21
1735061117,teasers,14.95,104.1MiB,7.654GiB,1.33
1735061117,cdn,0.00,17.88MiB,7.654GiB,0.23
1735061117,discovery,0.96,28.36MiB,7.654GiB,0.36
1735061119,monolith,108.08,3.952GiB,4GiB,98.81
1735061119,recommendations,9.48,95.44MiB,7.654GiB,1.22
1735061119,teasers,9.79,103.9MiB,7.654GiB,1.33
1735061119,cdn,0.00,17.88MiB,7.654GiB,0.23
1735061119,discovery,1.44,28.44MiB,7.654GiB,0.36
1735061121,monolith,106.39,3.935GiB,4GiB,98.36
1735061121,recommendations,14.07,96.18MiB,7.654GiB,1.23
1735061121,teasers,10.35,103.9MiB,7.654GiB,1.33
1735061121,cdn,0.00,17.88MiB,7.654GiB,0.23
1735061121,discovery,2.10,28.52MiB,7.654GiB,0.36
1735061123,monolith,107.97,3.935GiB,4GiB,98.37
1735061123,recommendations,9.65,95.51MiB,7.654GiB,1.22
1735061123,teasers,8.62,104.1MiB,7.654GiB,1.33
1735061123,cdn,0.00,17.88MiB,7.654GiB,0.23
1735061123,discovery,0.72,28.6MiB,7.654GiB,0.36
1735061125,monolith,108.20,3.934GiB,4GiB,98.34
1735061125,recommendations,18.44,95.56MiB,7.654GiB,1.22
1735061125,teasers,9.44,104MiB,7.654GiB,1.33
1735061125,cdn,0.00,17.88MiB,7.654GiB,0.23
1735061125,discovery,0.83,28.64MiB,7.654GiB,0.37
1735061127,monolith,106.10,3.934GiB,4GiB,98.34
1735061127,recommendations,12.11,95.93MiB,7.654GiB,1.22
1735061127,teasers,8.14,104.1MiB,7.654GiB,1.33
1735061127,cdn,0.00,17.88MiB,7.654GiB,0.23
1735061127,discovery,0.74,28.73MiB,7.654GiB,0.37
1735061129,monolith,126.99,3.936GiB,4GiB,98.40
1735061129,recommendations,8.04,95.66MiB,7.654GiB,1.22
1735061129,teasers,11.66,104.3MiB,7.654GiB,1.33
1735061129,cdn,0.00,17.88MiB,7.654GiB,0.23
1735061129,discovery,0.73,28.8MiB,7.654GiB,0.37
1735061131,monolith,105.93,3.936GiB,4GiB,98.40
1735061131,recommendations,10.45,95.6MiB,7.654GiB,1.22
1735061131,teasers,7.26,104.3MiB,7.654GiB,1.33
1735061131,cdn,0.00,17.88MiB,7.654GiB,0.23
1735061131,discovery,0.74,28.84MiB,7.654GiB,0.37
1735061133,monolith,109.44,3.936GiB,4GiB,98.41
1735061133,recommendations,11.99,95.63MiB,7.654GiB,1.22
1735061133,teasers,15.63,104.5MiB,7.654GiB,1.33
1735061133,cdn,0.00,17.88MiB,7.654GiB,0.23
1735061133,discovery,1.39,28.13MiB,7.654GiB,0.36
1735061135,monolith,108.54,3.937GiB,4GiB,98.43
1735061135,recommendations,10.68,95.93MiB,7.654GiB,1.22
1735061135,teasers,7.72,104.6MiB,7.654GiB,1.34
1735061135,cdn,0.00,17.88MiB,7.654GiB,0.23
1735061135,discovery,1.11,28.26MiB,7.654GiB,0.36
1735061137,monolith,108.87,3.937GiB,4GiB,98.43
1735061137,recommendations,10.18,95.64MiB,7.654GiB,1.22
1735061137,teasers,8.60,104.7MiB,7.654GiB,1.34
1735061137,cdn,0.00,17.88MiB,7.654GiB,0.23
1735061137,discovery,0.93,28.34MiB,7.654GiB,0.36
1735061139,monolith,138.67,3.937GiB,4GiB,98.43
1735061139,recommendations,15.01,95.61MiB,7.654GiB,1.22
1735061139,teasers,15.60,104.7MiB,7.654GiB,1.34
1735061139,cdn,0.00,17.88MiB,7.654GiB,0.23
1735061139,discovery,1.27,28.46MiB,7.654GiB,0.36
1735061141,monolith,110.96,3.938GiB,4GiB,98.45
1735061141,recommendations,13.67,95.57MiB,7.654GiB,1.22
1735061141,teasers,13.72,104.6MiB,7.654GiB,1.33
1735061141,cdn,0.00,17.88MiB,7.654GiB,0.23
1735061141,discovery,0.81,28.57MiB,7.654GiB,0.36
1735061143,monolith,108.13,3.938GiB,4GiB,98.45
1735061143,recommendations,17.67,95.61MiB,7.654GiB,1.22
1735061143,teasers,9.34,104.6MiB,7.654GiB,1.33
1735061143,cdn,0.00,17.88MiB,7.654GiB,0.23
1735061143,discovery,0.76,28.66MiB,7.654GiB,0.37
1735061145,monolith,128.37,3.938GiB,4GiB,98.46
1735061145,recommendations,9.69,95.62MiB,7.654GiB,1.22
1735061145,teasers,16.88,104.6MiB,7.654GiB,1.33
1735061145,cdn,0.00,17.88MiB,7.654GiB,0.23
1735061145,discovery,0.94,28.78MiB,7.654GiB,0.37
1735061147,monolith,106.98,3.939GiB,4GiB,98.47
1735061147,recommendations,7.68,95.64MiB,7.654GiB,1.22
1735061147,teasers,9.32,104.8MiB,7.654GiB,1.34
1735061147,cdn,0.00,17.88MiB,7.654GiB,0.23
1735061147,discovery,0.94,28.13MiB,7.654GiB,0.36
1735061149,monolith,109.33,3.939GiB,4GiB,98.48
1735061149,recommendations,11.82,95.67MiB,7.654GiB,1.22
1735061149,teasers,10.73,104.9MiB,7.654GiB,1.34
1735061149,cdn,0.00,17.88MiB,7.654GiB,0.23
1735061149,discovery,1.24,28.21MiB,7.654GiB,0.36
1735061151,monolith,108.53,3.939GiB,4GiB,98.49
1735061151,recommendations,8.60,95.98MiB,7.654GiB,1.22
1735061151,teasers,10.46,105.1MiB,7.654GiB,1.34
1735061151,cdn,0.00,17.88MiB,7.654GiB,0.23
1735061151,discovery,0.92,28.31MiB,7.654GiB,0.36
1735061153,monolith,108.41,3.94GiB,4GiB,98.49
1735061153,recommendations,20.49,96.07MiB,7.654GiB,1.23
1735061153,teasers,10.62,105.2MiB,7.654GiB,1.34
1735061153,cdn,0.00,17.88MiB,7.654GiB,0.23
1735061153,discovery,1.12,28.44MiB,7.654GiB,0.36
1735061155,monolith,106.36,3.951GiB,4GiB,98.78
1735061155,recommendations,9.77,95.72MiB,7.654GiB,1.22
1735061155,teasers,13.32,105.1MiB,7.654GiB,1.34
1735061155,cdn,0.00,17.88MiB,7.654GiB,0.23
1735061155,discovery,0.93,28.55MiB,7.654GiB,0.36
1735061157,monolith,108.46,3.952GiB,4GiB,98.80
1735061157,recommendations,15.20,95.73MiB,7.654GiB,1.22
1735061157,teasers,8.05,105.2MiB,7.654GiB,1.34
1735061157,cdn,0.00,17.88MiB,7.654GiB,0.23
1735061157,discovery,0.68,28.65MiB,7.654GiB,0.37
1735061159,monolith,107.49,3.952GiB,4GiB,98.79
1735061159,recommendations,7.66,95.79MiB,7.654GiB,1.22
1735061159,teasers,11.32,105.2MiB,7.654GiB,1.34
1735061159,cdn,0.00,17.88MiB,7.654GiB,0.23
1735061159,discovery,1.04,28.76MiB,7.654GiB,0.37
1735061161,monolith,106.96,3.952GiB,4GiB,98.80
1735061161,recommendations,8.08,96.03MiB,7.654GiB,1.23
1735061161,teasers,6.96,105.2MiB,7.654GiB,1.34
1735061161,cdn,0.00,17.88MiB,7.654GiB,0.23
1735061161,discovery,0.68,28.89MiB,7.654GiB,0.37
1735061163,monolith,118.89,3.952GiB,4GiB,98.81
1735061163,recommendations,9.86,95.76MiB,7.654GiB,1.22
1735061163,teasers,9.26,105.2MiB,7.654GiB,1.34
1735061163,cdn,0.00,17.88MiB,7.654GiB,0.23
1735061163,discovery,1.26,28.18MiB,7.654GiB,0.36
1735061165,monolith,108.55,3.953GiB,4GiB,98.82
1735061165,recommendations,15.98,95.75MiB,7.654GiB,1.22
1735061165,teasers,22.69,105.5MiB,7.654GiB,1.35
1735061165,cdn,0.00,17.88MiB,7.654GiB,0.23
1735061165,discovery,1.03,28.3MiB,7.654GiB,0.36
1735061167,monolith,109.73,3.953GiB,4GiB,98.83
1735061167,recommendations,10.24,97.49MiB,7.654GiB,1.24
1735061167,teasers,11.63,105.3MiB,7.654GiB,1.34
1735061167,cdn,0.00,17.88MiB,7.654GiB,0.23
1735061167,discovery,1.52,28.41MiB,7.654GiB,0.36
1735061169,monolith,154.57,3.965GiB,4GiB,99.13
1735061169,recommendations,13.85,96.04MiB,7.654GiB,1.23
1735061169,teasers,14.75,105.4MiB,7.654GiB,1.34
1735061169,cdn,0.00,17.88MiB,7.654GiB,0.23
1735061169,discovery,1.12,28.77MiB,7.654GiB,0.37
1735061171,monolith,109.92,3.965GiB,4GiB,99.13
1735061171,recommendations,20.01,96.27MiB,7.654GiB,1.23
1735061171,teasers,20.94,105.3MiB,7.654GiB,1.34
1735061171,cdn,0.00,17.88MiB,7.654GiB,0.23
1735061171,discovery,0.95,28.63MiB,7.654GiB,0.37
1735061173,monolith,109.02,3.965GiB,4GiB,99.13
1735061173,recommendations,6.61,96MiB,7.654GiB,1.22
1735061173,teasers,9.61,105.6MiB,7.654GiB,1.35
1735061173,cdn,0.00,17.88MiB,7.654GiB,0.23
1735061173,discovery,0.79,28.73MiB,7.654GiB,0.37
1735061175,monolith,106.37,3.999GiB,4GiB,99.97
1735061175,recommendations,14.04,96.1MiB,7.654GiB,1.23
1735061175,teasers,11.79,105.3MiB,7.654GiB,1.34
1735061175,cdn,0.00,17.88MiB,7.654GiB,0.23
1735061175,discovery,0.91,28.83MiB,7.654GiB,0.37
1735061177,monolith,107.24,3.997GiB,4GiB,99.93
1735061177,recommendations,10.61,96.06MiB,7.654GiB,1.23
1735061177,teasers,9.38,105.4MiB,7.654GiB,1.34
1735061177,cdn,0.00,17.88MiB,7.654GiB,0.23
1735061177,discovery,0.78,28.89MiB,7.654GiB,0.37
1735061179,monolith,105.45,3.95GiB,4GiB,98.76
1735061179,recommendations,8.79,96.06MiB,7.654GiB,1.23
1735061179,teasers,7.89,105.7MiB,7.654GiB,1.35
1735061179,cdn,0.00,17.88MiB,7.654GiB,0.23
1735061179,discovery,0.93,28.15MiB,7.654GiB,0.36
1735061181,monolith,105.94,3.986GiB,4GiB,99.65
1735061181,recommendations,8.76,96.27MiB,7.654GiB,1.23
1735061181,teasers,14.02,105.2MiB,7.654GiB,1.34
1735061181,cdn,0.00,17.88MiB,7.654GiB,0.23
1735061181,discovery,0.80,28.2MiB,7.654GiB,0.36
1735061183,monolith,105.94,3.985GiB,4GiB,99.63
1735061183,recommendations,6.99,96.12MiB,7.654GiB,1.23
1735061183,teasers,7.47,105.4MiB,7.654GiB,1.34
1735061183,cdn,0.00,17.88MiB,7.654GiB,0.23
1735061183,discovery,0.98,28.29MiB,7.654GiB,0.36
1735061185,monolith,132.85,3.998GiB,4GiB,99.96
1735061185,recommendations,15.65,96.11MiB,7.654GiB,1.23
1735061185,teasers,9.69,105.4MiB,7.654GiB,1.35
1735061185,cdn,0.00,17.88MiB,7.654GiB,0.23
1735061185,discovery,0.94,28.83MiB,7.654GiB,0.37
1735061187,monolith,105.87,3.997GiB,4GiB,99.92
1735061187,recommendations,8.53,96.16MiB,7.654GiB,1.23
1735061187,teasers,14.63,105.4MiB,7.654GiB,1.34
1735061187,cdn,0.00,17.88MiB,7.654GiB,0.23
1735061187,discovery,0.81,28.39MiB,7.654GiB,0.36
1735061189,monolith,106.72,3.997GiB,4GiB,99.92
1735061189,recommendations,12.06,96.96MiB,7.654GiB,1.24
1735061189,teasers,9.17,105.3MiB,7.654GiB,1.34
1735061189,cdn,0.00,17.88MiB,7.654GiB,0.23
1735061189,discovery,0.89,28.49MiB,7.654GiB,0.36
1735061191,monolith,107.56,3.999GiB,4GiB,99.98
1735061191,recommendations,9.29,96.33MiB,7.654GiB,1.23
1735061191,teasers,9.72,105.7MiB,7.654GiB,1.35
1735061191,cdn,0.00,17.88MiB,7.654GiB,0.23
1735061191,discovery,0.88,28.52MiB,7.654GiB,0.36
1735061193,monolith,113.52,3.998GiB,4GiB,99.95
1735061193,recommendations,24.06,96.07MiB,7.654GiB,1.23
1735061193,teasers,17.85,105.5MiB,7.654GiB,1.35
1735061193,cdn,0.00,17.88MiB,7.654GiB,0.23
1735061193,discovery,0.96,28.59MiB,7.654GiB,0.36
1735061196,monolith,138.90,3.999GiB,4GiB,99.99
1735061196,recommendations,12.95,96.14MiB,7.654GiB,1.23
1735061196,teasers,9.82,105.5MiB,7.654GiB,1.35
1735061196,cdn,0.00,17.88MiB,7.654GiB,0.23
1735061196,discovery,0.94,28.68MiB,7.654GiB,0.37
1735061198,monolith,107.47,3.999GiB,4GiB,99.97
1735061198,recommendations,9.15,96.21MiB,7.654GiB,1.23
1735061198,teasers,16.82,105.4MiB,7.654GiB,1.35
1735061198,cdn,0.00,17.88MiB,7.654GiB,0.23
1735061198,discovery,5.79,28.2MiB,7.654GiB,0.36
1735061200,monolith,111.41,3.999GiB,4GiB,99.97
1735061200,recommendations,21.69,96.21MiB,7.654GiB,1.23
1735061200,teasers,11.08,105.5MiB,7.654GiB,1.35
1735061200,cdn,0.00,17.88MiB,7.654GiB,0.23
1735061200,discovery,1.05,28.25MiB,7.654GiB,0.36
1735061202,monolith,144.96,3.999GiB,4GiB,99.97
1735061202,recommendations,9.27,96.23MiB,7.654GiB,1.23
1735061202,teasers,9.76,105.7MiB,7.654GiB,1.35
1735061202,cdn,0.00,17.88MiB,7.654GiB,0.23
1735061202,discovery,0.85,28.32MiB,7.654GiB,0.36
1735061204,monolith,107.02,3.997GiB,4GiB,99.93
1735061204,recommendations,7.03,96.19MiB,7.654GiB,1.23
1735061204,teasers,6.38,105.5MiB,7.654GiB,1.35
1735061204,cdn,0.00,17.88MiB,7.654GiB,0.23
1735061204,discovery,0.84,28.39MiB,7.654GiB,0.36
1735061206,monolith,129.35,3.999GiB,4GiB,99.98
1735061206,recommendations,11.26,96.19MiB,7.654GiB,1.23
1735061206,teasers,11.58,105.5MiB,7.654GiB,1.35
1735061206,cdn,0.11,17.88MiB,7.654GiB,0.23
1735061206,discovery,1.04,28.49MiB,7.654GiB,0.36
1735061208,monolith,106.55,3.999GiB,4GiB,99.97
1735061208,recommendations,8.47,96.22MiB,7.654GiB,1.23
1735061208,teasers,9.71,105.7MiB,7.654GiB,1.35
1735061208,cdn,0.00,17.88MiB,7.654GiB,0.23
1735061208,discovery,0.77,28.54MiB,7.654GiB,0.36
1735061210,monolith,108.56,3.999GiB,4GiB,99.98
1735061210,recommendations,8.79,96.21MiB,7.654GiB,1.23
1735061210,teasers,11.31,105.5MiB,7.654GiB,1.35
1735061210,cdn,0.00,17.88MiB,7.654GiB,0.23
1735061210,discovery,0.91,28.57MiB,7.654GiB,0.36
1735061212,monolith,110.74,3.999GiB,4GiB,99.98
1735061212,recommendations,19.40,96.28MiB,7.654GiB,1.23
1735061212,teasers,9.81,105.5MiB,7.654GiB,1.35
1735061212,cdn,0.00,17.88MiB,7.654GiB,0.23
1735061212,discovery,1.18,28.65MiB,7.654GiB,0.37
1735061214,monolith,137.96,3.996GiB,4GiB,99.90
1735061214,recommendations,21.57,96.28MiB,7.654GiB,1.23
1735061214,teasers,20.03,105.5MiB,7.654GiB,1.35
1735061214,cdn,0.00,17.88MiB,7.654GiB,0.23
1735061214,discovery,1.14,28.74MiB,7.654GiB,0.37
1735061216,monolith,111.60,3.997GiB,4GiB,99.92
1735061216,recommendations,14.83,96.9MiB,7.654GiB,1.24
1735061216,teasers,11.84,105.8MiB,7.654GiB,1.35
1735061216,cdn,0.00,17.88MiB,7.654GiB,0.23
1735061216,discovery,1.10,28.84MiB,7.654GiB,0.37
1735061218,monolith,108.95,3.997GiB,4GiB,99.93
1735061218,recommendations,7.73,96.3MiB,7.654GiB,1.23
1735061218,teasers,12.26,106MiB,7.654GiB,1.35
1735061218,cdn,0.00,17.88MiB,7.654GiB,0.23
1735061218,discovery,1.04,28.9MiB,7.654GiB,0.37
1735061220,monolith,108.80,3.999GiB,4GiB,99.97
1735061220,recommendations,10.18,96.56MiB,7.654GiB,1.23
1735061220,teasers,7.58,105.6MiB,7.654GiB,1.35
1735061220,cdn,0.00,17.88MiB,7.654GiB,0.23
1735061220,discovery,0.84,28.95MiB,7.654GiB,0.37
1735061222,monolith,107.58,3.998GiB,4GiB,99.96
1735061222,recommendations,10.23,96.31MiB,7.654GiB,1.23
1735061222,teasers,10.62,105.6MiB,7.654GiB,1.35
1735061222,cdn,0.00,17.88MiB,7.654GiB,0.23
1735061222,discovery,1.04,28.19MiB,7.654GiB,0.36
1735061224,monolith,109.52,3.998GiB,4GiB,99.95
1735061224,recommendations,9.47,96.32MiB,7.654GiB,1.23
1735061224,teasers,7.52,105.6MiB,7.654GiB,1.35
1735061224,cdn,0.00,17.88MiB,7.654GiB,0.23
1735061224,discovery,0.86,28.29MiB,7.654GiB,0.36
1735061226,monolith,107.41,3.999GiB,4GiB,99.97
1735061226,recommendations,14.00,96.38MiB,7.654GiB,1.23
1735061226,teasers,9.77,105.6MiB,7.654GiB,1.35
1735061226,cdn,0.00,17.88MiB,7.654GiB,0.23
1735061226,discovery,0.98,28.44MiB,7.654GiB,0.36
1735061228,monolith,108.75,3.998GiB,4GiB,99.95
1735061228,recommendations,18.70,96.57MiB,7.654GiB,1.23
1735061228,teasers,10.02,106MiB,7.654GiB,1.35
1735061228,cdn,0.00,17.88MiB,7.654GiB,0.23
1735061228,discovery,0.94,28.4MiB,7.654GiB,0.36
1735061230,monolith,137.22,3.998GiB,4GiB,99.95
1735061230,recommendations,13.13,96.42MiB,7.654GiB,1.23
1735061230,teasers,19.03,106MiB,7.654GiB,1.35
1735061230,cdn,0.00,17.88MiB,7.654GiB,0.23
1735061230,discovery,1.23,28.48MiB,7.654GiB,0.36
1735061232,monolith,107.89,3.998GiB,4GiB,99.95
1735061232,recommendations,8.56,96.47MiB,7.654GiB,1.23
1735061232,teasers,10.03,106.3MiB,7.654GiB,1.36
1735061232,cdn,0.00,17.88MiB,7.654GiB,0.23
1735061232,discovery,0.73,28.58MiB,7.654GiB,0.36
1735061234,monolith,107.63,3.997GiB,4GiB,99.92
1735061234,recommendations,10.35,96.45MiB,7.654GiB,1.23
1735061234,teasers,9.33,106.2MiB,7.654GiB,1.36
1735061234,cdn,0.00,17.88MiB,7.654GiB,0.23
1735061234,discovery,0.67,28.68MiB,7.654GiB,0.37
1735061236,monolith,143.29,3.998GiB,4GiB,99.95
1735061236,recommendations,11.04,96.72MiB,7.654GiB,1.23
1735061236,teasers,7.62,106.1MiB,7.654GiB,1.35
1735061236,cdn,0.30,17.88MiB,7.654GiB,0.23
1735061236,discovery,0.99,28.79MiB,7.654GiB,0.37
1735061238,monolith,108.31,3.999GiB,4GiB,99.96
1735061238,recommendations,8.51,96.47MiB,7.654GiB,1.23
1735061238,teasers,12.67,106.2MiB,7.654GiB,1.35
1735061238,cdn,0.00,17.88MiB,7.654GiB,0.23
1735061238,discovery,0.87,28.89MiB,7.654GiB,0.37
1735061240,monolith,123.93,3.999GiB,4GiB,99.98
1735061240,recommendations,8.48,96.48MiB,7.654GiB,1.23
1735061240,teasers,9.53,106.2MiB,7.654GiB,1.35
1735061240,cdn,0.00,17.88MiB,7.654GiB,0.23
1735061240,discovery,0.86,28.29MiB,7.654GiB,0.36
1735061242,monolith,105.85,3.999GiB,4GiB,99.98
1735061242,recommendations,10.70,96.68MiB,7.654GiB,1.23
1735061242,teasers,6.73,106.3MiB,7.654GiB,1.36
1735061242,cdn,0.00,17.88MiB,7.654GiB,0.23
1735061242,discovery,0.74,28.34MiB,7.654GiB,0.36
1735061244,monolith,128.77,3.999GiB,4GiB,99.97
1735061244,recommendations,7.78,96.45MiB,7.654GiB,1.23
1735061244,teasers,9.44,106.2MiB,7.654GiB,1.35
1735061244,cdn,0.00,17.88MiB,7.654GiB,0.23
1735061244,discovery,1.04,28.42MiB,7.654GiB,0.36
1735061246,monolith,107.83,3.997GiB,4GiB,99.92
1735061246,recommendations,8.33,96.49MiB,7.654GiB,1.23
1735061246,teasers,13.22,106.2MiB,7.654GiB,1.35
1735061246,cdn,0.00,17.88MiB,7.654GiB,0.23
1735061246,discovery,0.86,28.53MiB,7.654GiB,0.36
1735061248,monolith,106.83,3.998GiB,4GiB,99.96
1735061248,recommendations,8.85,96.42MiB,7.654GiB,1.23
1735061248,teasers,8.45,106.2MiB,7.654GiB,1.35
1735061248,cdn,0.00,17.88MiB,7.654GiB,0.23
1735061248,discovery,0.76,28.66MiB,7.654GiB,0.37
1735061250,monolith,108.11,3.999GiB,4GiB,99.98
1735061250,recommendations,11.41,96.56MiB,7.654GiB,1.23
1735061250,teasers,11.04,106.2MiB,7.654GiB,1.36
1735061250,cdn,0.00,17.88MiB,7.654GiB,0.23
1735061250,discovery,0.96,28.76MiB,7.654GiB,0.37
1735061252,monolith,106.32,3.999GiB,4GiB,99.98
1735061252,recommendations,8.80,96.44MiB,7.654GiB,1.23
1735061252,teasers,9.86,106.2MiB,7.654GiB,1.35
1735061252,cdn,0.00,17.88MiB,7.654GiB,0.23
1735061252,discovery,0.74,28.84MiB,7.654GiB,0.37
1735061254,monolith,116.18,3.999GiB,4GiB,99.98
1735061254,recommendations,7.91,96.39MiB,7.654GiB,1.23
1735061254,teasers,7.06,107.4MiB,7.654GiB,1.37
1735061254,cdn,0.00,17.88MiB,7.654GiB,0.23
1735061254,discovery,0.75,28.19MiB,7.654GiB,0.36
1735061256,monolith,106.09,3.999GiB,4GiB,99.99
1735061256,recommendations,10.84,96.43MiB,7.654GiB,1.23
1735061256,teasers,8.76,106.5MiB,7.654GiB,1.36
1735061256,cdn,0.00,17.88MiB,7.654GiB,0.23
1735061256,discovery,0.74,28.42MiB,7.654GiB,0.36
1735061258,monolith,130.38,4GiB,4GiB,99.99
1735061258,recommendations,8.75,96.73MiB,7.654GiB,1.23
1735061258,teasers,8.24,106.2MiB,7.654GiB,1.35
1735061258,cdn,0.00,17.88MiB,7.654GiB,0.23
1735061258,discovery,0.92,28.4MiB,7.654GiB,0.36
1735061260,monolith,106.74,3.997GiB,4GiB,99.92
1735061260,recommendations,8.97,97.25MiB,7.654GiB,1.24
1735061260,teasers,9.19,106.2MiB,7.654GiB,1.36
1735061260,cdn,0.00,17.88MiB,7.654GiB,0.23
1735061260,discovery,0.80,28.5MiB,7.654GiB,0.36
1735061262,monolith,110.73,3.997GiB,4GiB,99.93
1735061262,recommendations,12.86,96.48MiB,7.654GiB,1.23
1735061262,teasers,9.67,106.3MiB,7.654GiB,1.36
1735061262,cdn,0.00,17.88MiB,7.654GiB,0.23
1735061262,discovery,0.91,28.61MiB,7.654GiB,0.36
1735061264,monolith,154.56,3.999GiB,4GiB,99.99
1735061264,recommendations,9.13,96.48MiB,7.654GiB,1.23
1735061264,teasers,9.38,106.3MiB,7.654GiB,1.36
1735061264,cdn,0.00,17.88MiB,7.654GiB,0.23
1735061264,discovery,0.99,29.21MiB,7.654GiB,0.37
1735061266,monolith,114.45,3.972GiB,4GiB,99.31
1735061266,recommendations,9.41,96.47MiB,7.654GiB,1.23
1735061266,teasers,6.76,106.3MiB,7.654GiB,1.36
1735061266,cdn,0.35,17.88MiB,7.654GiB,0.23
1735061266,discovery,0.99,28.82MiB,7.654GiB,0.37
1735061268,monolith,134.08,3.97GiB,4GiB,99.25
1735061268,recommendations,8.32,96.5MiB,7.654GiB,1.23
1735061268,teasers,17.85,106.2MiB,7.654GiB,1.36
1735061268,cdn,0.00,17.88MiB,7.654GiB,0.23
1735061268,discovery,0.95,28.16MiB,7.654GiB,0.36
1735061270,monolith,106.48,3.97GiB,4GiB,99.26
1735061270,recommendations,14.71,96.55MiB,7.654GiB,1.23
1735061270,teasers,8.54,106.2MiB,7.654GiB,1.36
1735061270,cdn,0.00,17.88MiB,7.654GiB,0.23
1735061270,discovery,0.89,28.27MiB,7.654GiB,0.36
1735061272,monolith,127.74,3.924GiB,4GiB,98.10
1735061272,recommendations,10.52,96.52MiB,7.654GiB,1.23
1735061272,teasers,12.47,106.3MiB,7.654GiB,1.36
1735061272,cdn,0.00,17.88MiB,7.654GiB,0.23
1735061272,discovery,1.33,28.37MiB,7.654GiB,0.36
1735061274,monolith,147.73,3.931GiB,4GiB,98.27
1735061274,recommendations,19.51,96.62MiB,7.654GiB,1.23
1735061274,teasers,9.72,106.2MiB,7.654GiB,1.36
1735061274,cdn,0.00,17.88MiB,7.654GiB,0.23
1735061274,discovery,1.20,28.46MiB,7.654GiB,0.36
1735061276,monolith,108.62,3.931GiB,4GiB,98.28
1735061276,recommendations,8.59,96.51MiB,7.654GiB,1.23
1735061276,teasers,8.71,107.2MiB,7.654GiB,1.37
1735061276,cdn,0.00,17.88MiB,7.654GiB,0.23
1735061276,discovery,1.04,28.58MiB,7.654GiB,0.36
1735061278,monolith,106.62,3.976GiB,4GiB,99.41
1735061278,recommendations,9.74,96.76MiB,7.654GiB,1.23
1735061278,teasers,12.34,106.4MiB,7.654GiB,1.36
1735061278,cdn,0.00,17.88MiB,7.654GiB,0.23
1735061278,discovery,0.80,28.69MiB,7.654GiB,0.37
1735061280,monolith,105.72,3.973GiB,4GiB,99.31
1735061280,recommendations,8.35,96.52MiB,7.654GiB,1.23
1735061280,teasers,7.65,106.4MiB,7.654GiB,1.36
1735061280,cdn,0.00,17.88MiB,7.654GiB,0.23
1735061280,discovery,0.70,28.8MiB,7.654GiB,0.37
1735061282,monolith,118.23,3.973GiB,4GiB,99.32
1735061282,recommendations,4.18,96.44MiB,7.654GiB,1.23
1735061282,teasers,3.65,106.4MiB,7.654GiB,1.36
1735061282,cdn,0.00,17.88MiB,7.654GiB,0.23
1735061282,discovery,0.47,28.71MiB,7.654GiB,0.37
1735061284,monolith,100.45,3.973GiB,4GiB,99.32
1735061284,recommendations,0.02,96.44MiB,7.654GiB,1.23
1735061284,teasers,0.02,106.4MiB,7.654GiB,1.36
1735061284,cdn,0.00,17.88MiB,7.654GiB,0.23
1735061284,discovery,0.00,28.72MiB,7.654GiB,0.37
1735061287,monolith,103.97,3.973GiB,4GiB,99.32
1735061287,recommendations,0.01,96.44MiB,7.654GiB,1.23
1735061287,teasers,0.01,106.4MiB,7.654GiB,1.36
1735061287,cdn,0.00,17.88MiB,7.654GiB,0.23
1735061287,discovery,0.00,28.72MiB,7.654GiB,0.37
1735061289,monolith,100.23,3.973GiB,4GiB,99.33
1735061289,recommendations,8.72,51.64MiB,7.654GiB,0.66
1735061289,teasers,4.84,61.71MiB,7.654GiB,0.79
1735061289,cdn,0.00,17.88MiB,7.654GiB,0.23
1735061289,discovery,0.00,28.71MiB,7.654GiB,0.37
1735061291,monolith,101.96,3.974GiB,4GiB,99.34
1735061291,recommendations,0.00,51.5MiB,7.654GiB,0.66
1735061291,teasers,0.00,61.7MiB,7.654GiB,0.79
1735061291,cdn,0.00,17.88MiB,7.654GiB,0.23
1735061291,discovery,0.00,28.71MiB,7.654GiB,0.37
1735061293,monolith,100.19,3.973GiB,4GiB,99.33
1735061293,recommendations,0.00,51.49MiB,7.654GiB,0.66
1735061293,teasers,0.00,61.7MiB,7.654GiB,0.79
1735061293,cdn,0.00,17.88MiB,7.654GiB,0.23
1735061293,discovery,0.00,28.71MiB,7.654GiB,0.37
1735061295,monolith,105.12,3.98GiB,4GiB,99.51
1735061295,recommendations,0.20,51.49MiB,7.654GiB,0.66
1735061295,teasers,0.02,61.7MiB,7.654GiB,0.79
1735061295,cdn,0.00,17.88MiB,7.654GiB,0.23
1735061295,discovery,0.35,28.71MiB,7.654GiB,0.37
1735061297,monolith,99.89,3.98GiB,4GiB,99.51
1735061297,recommendations,0.00,51.49MiB,7.654GiB,0.66
1735061297,teasers,0.00,61.7MiB,7.654GiB,0.79
1735061297,cdn,0.00,17.88MiB,7.654GiB,0.23
1735061297,discovery,0.00,28.71MiB,7.654GiB,0.37
1735061299,monolith,102.59,3.986GiB,4GiB,99.66
1735061299,recommendations,0.00,51.49MiB,7.654GiB,0.66
1735061299,teasers,0.00,61.7MiB,7.654GiB,0.79
1735061299,cdn,0.00,17.88MiB,7.654GiB,0.23
1735061299,discovery,0.00,28.71MiB,7.654GiB,0.37
1735061301,monolith,100.35,3.991GiB,4GiB,99.77
1735061301,recommendations,0.00,51.49MiB,7.654GiB,0.66
1735061301,teasers,0.00,61.7MiB,7.654GiB,0.79
1735061301,cdn,0.00,17.88MiB,7.654GiB,0.23
1735061301,discovery,0.00,28.71MiB,7.654GiB,0.37
1735061303,monolith,99.95,3.991GiB,4GiB,99.77
1735061303,recommendations,0.00,51.49MiB,7.654GiB,0.66
1735061303,teasers,0.00,61.7MiB,7.654GiB,0.79
1735061303,cdn,0.00,17.88MiB,7.654GiB,0.23
1735061303,discovery,0.00,28.71MiB,7.654GiB,0.37
1735061305,monolith,100.30,3.864GiB,4GiB,96.61
1735061305,recommendations,0.00,51.49MiB,7.654GiB,0.66
1735061305,teasers,0.00,61.7MiB,7.654GiB,0.79
1735061305,cdn,0.00,17.88MiB,7.654GiB,0.23
1735061305,discovery,0.00,28.71MiB,7.654GiB,0.37
1735061307,monolith,100.23,3.864GiB,4GiB,96.61
1735061307,recommendations,0.00,51.49MiB,7.654GiB,0.66
1735061307,teasers,0.00,61.7MiB,7.654GiB,0.79
1735061307,cdn,0.00,17.88MiB,7.654GiB,0.23
1735061307,discovery,0.00,28.71MiB,7.654GiB,0.37
1735061309,monolith,101.13,3.865GiB,4GiB,96.62
1735061309,recommendations,0.00,51.49MiB,7.654GiB,0.66
1735061309,teasers,0.00,61.7MiB,7.654GiB,0.79
1735061309,cdn,0.00,17.88MiB,7.654GiB,0.23
1735061309,discovery,0.00,28.71MiB,7.654GiB,0.37
1735061311,monolith,100.30,3.863GiB,4GiB,96.58
1735061311,recommendations,0.00,51.49MiB,7.654GiB,0.66
1735061311,teasers,0.00,61.7MiB,7.654GiB,0.79
1735061311,cdn,0.00,17.88MiB,7.654GiB,0.23
1735061311,discovery,0.00,28.71MiB,7.654GiB,0.37
1735061313,monolith,111.95,3.877GiB,4GiB,96.93
1735061313,recommendations,0.00,51.49MiB,7.654GiB,0.66
1735061313,teasers,0.00,61.7MiB,7.654GiB,0.79
1735061313,cdn,0.00,17.88MiB,7.654GiB,0.23
1735061313,discovery,0.00,28.71MiB,7.654GiB,0.37
