timestamp,cdn_cpu_percent,discovery_cpu_percent,monolith_cpu_percent,cdn_mem_percent,discovery_mem_percent,monolith_mem_percent,cdn_mem_usage,discovery_mem_usage,monolith_mem_usage,mean,min,max,count,throughput_mean,throughput_min,throughput_max,throughput_count,err_mean,err_count
0,0.0,0.0,127.4,0.23,0.23,21.16,17.83,17.7,1658.0,1.0549664268585133,0.673,5.941,834,166.6,166.0,167.0,833.0,0.0,0.0
5,0.0,0.0,126.81,0.23,0.23,28.21,17.83,17.7,2210.0,0.781124849939976,0.559,4.069,833,166.8,166.0,167.0,834.0,0.0,0.0
10,0.0,0.0,112.84,0.23,0.23,34.4,17.83,17.7,2696.0,0.6762278177458034,0.458,5.621,834,166.6,166.0,167.0,833.0,0.0,0.0
15,0.0,0.0,111.0,0.23,0.23,34.59,17.83,17.7,2710.0,0.6379363745498199,0.489,4.144,833,166.8,166.0,167.0,834.0,0.0,0.0
20,0.0,0.0,111.16,0.23,0.23,34.66,17.83,17.7,2716.0,0.629516206482593,0.491,5.243,833,166.6,166.0,167.0,833.0,0.0,0.0
25,0.0,0.0,119.95,0.23,0.23,34.96,17.83,17.7,2739.0,0.638127098321343,0.464,6.8,834,166.6,166.0,167.0,833.0,0.0,0.0
30,0.0,0.0,120.28,0.23,0.23,35.09,17.83,17.7,2750.0,0.6214945978391357,0.434,5.02,833,166.8,166.0,167.0,834.0,0.0,0.0
35,0.0,0.0,110.74,0.23,0.23,35.46,17.83,17.7,2779.0,0.6040228091236495,0.409,4.119,833,166.6,166.0,167.0,833.0,0.0,0.0
40,0.0,0.0,105.73,0.23,0.23,35.52,17.83,17.7,2783.0,0.6039028776978418,0.424,8.732,834,166.6,166.0,167.0,833.0,0.0,0.0
45,0.0,0.0,105.13,0.23,0.23,35.6,17.83,17.7,2790.0,0.596813925570228,0.41,4.106,833,166.8,166.0,167.0,834.0,0.0,0.0
50,0.0,0.0,104.85,0.23,0.23,35.78,17.83,17.7,2804.0,0.602313325330132,0.403,5.391,833,166.6,166.0,167.0,833.0,0.0,0.0
55,0.0,0.0,105.5,0.23,0.23,35.96,17.83,17.7,2818.0,0.5948980815347722,0.435,5.391,834,166.6,166.0,167.0,833.0,0.0,0.0
60,0.0,0.0,105.01,0.23,0.23,36.08,17.83,17.7,2827.0,0.6292448979591836,0.445,5.523,833,166.8,166.0,167.0,834.0,0.0,0.0
65,0.0,0.0,107.54,0.23,0.23,36.19,17.83,17.7,2836.0,0.5965534213685474,0.428,4.126,833,166.6,166.0,167.0,833.0,0.0,0.0
70,0.0,0.0,125.08,0.23,0.23,36.33,17.83,17.7,2847.0,0.5874076738609113,0.425,5.67,834,166.6,166.0,167.0,833.0,0.0,0.0
75,0.0,0.0,105.78,0.23,0.23,36.47,17.83,17.7,2857.0,0.6031212484993997,0.426,3.817,833,166.8,166.0,167.0,834.0,0.0,0.0
80,0.0,0.0,106.01,0.23,0.23,36.56,17.83,17.7,2865.0,0.6082821128451381,0.459,5.52,833,166.6,166.0,167.0,833.0,0.0,0.0
85,0.0,0.0,105.31,0.23,0.23,36.64,17.83,17.7,2871.0,0.5894352517985612,0.43,3.298,834,166.6,166.0,167.0,833.0,0.0,0.0
90,0.0,0.0,104.9,0.23,0.23,36.79,17.83,17.7,2883.0,0.6025186074429772,0.445,4.376,833,166.8,166.0,167.0,834.0,0.0,0.0
95,,,,,,,,,,0.6085270108043217,0.45,5.67,833,166.6,166.0,167.0,833.0,0.0,0.0
100,0.0,0.0,105.68,0.23,0.23,36.93,17.83,17.7,2893.0,0.6078021582733812,0.46,6.195,834,166.6,166.0,167.0,833.0,0.0,0.0
105,0.0,0.0,104.37,0.23,0.23,37.03,17.83,17.7,2902.0,0.599765906362545,0.434,5.501,833,166.8,166.0,167.0,834.0,0.0,0.0
110,0.0,0.0,108.86,0.23,0.23,37.2,17.83,17.7,2915.0,0.5993297362110311,0.383,3.761,834,166.6,166.0,167.0,833.0,0.0,0.0
115,0.0,0.0,105.58,0.23,0.23,37.31,17.83,17.7,2924.0,0.6114429771908764,0.453,5.788,833,166.8,166.0,167.0,834.0,0.0,0.0
120,0.0,0.0,105.44,0.23,0.23,37.44,17.83,17.7,2933.0,0.5951116446578631,0.428,2.708,833,166.6,166.0,167.0,833.0,0.0,0.0
125,0.0,0.0,105.34,0.23,0.23,37.52,17.83,17.7,2940.0,0.595326139088729,0.444,3.027,834,166.6,166.0,167.0,833.0,0.0,0.0
130,0.0,0.0,109.2,0.23,0.23,37.69,17.83,17.71,2954.0,0.6116482593037215,0.456,5.708,833,166.8,166.0,167.0,834.0,0.0,0.0
135,0.0,0.0,106.04,0.23,0.23,37.79,17.83,17.71,2961.0,0.6101296518607443,0.437,5.877,833,166.6,166.0,167.0,833.0,0.0,0.0
140,0.0,0.0,105.7,0.23,0.23,37.88,17.83,17.71,2969.0,0.5943333333333333,0.441,5.857,834,166.6,166.0,167.0,833.0,0.0,0.0
145,0.0,0.0,109.73,0.23,0.23,38.05,17.83,17.71,2981.0,0.6090972388955582,0.404,3.531,833,166.8,166.0,167.0,834.0,0.0,0.0
150,0.0,0.0,105.22,0.23,0.23,38.14,17.83,17.71,2989.0,0.5923709483793518,0.431,5.224,833,166.6,166.0,167.0,833.0,0.0,0.0
155,0.0,0.0,105.51,0.23,0.23,38.24,17.83,17.71,2997.0,0.6015695443645084,0.443,3.802,834,166.6,166.0,167.0,833.0,0.0,0.0
160,0.0,0.0,105.26,0.23,0.23,38.38,17.83,17.71,3007.0,0.599891956782713,0.461,5.172,833,166.8,166.0,167.0,834.0,0.0,0.0
165,0.0,0.0,105.47,0.23,0.23,38.45,17.83,17.71,3013.0,0.6003037214885955,0.458,3.502,833,166.6,166.0,167.0,833.0,0.0,0.0
170,0.0,0.0,105.07,0.23,0.23,38.62,17.83,17.71,3026.0,0.6090131894484412,0.447,6.493,834,166.6,166.0,167.0,833.0,0.0,0.0
175,0.0,0.0,104.91,0.23,0.23,38.72,17.83,17.71,3035.0,0.5961536614645858,0.413,5.511,833,166.8,166.0,167.0,834.0,0.0,0.0
180,0.0,0.0,109.9,0.23,0.23,38.85,17.83,17.71,3044.0,0.6124249699879951,0.448,6.682,833,166.6,166.0,167.0,833.0,0.0,0.0
185,0.0,0.0,105.5,0.23,0.23,38.97,17.83,17.71,3053.0,0.6023693045563548,0.444,6.691,834,166.6,166.0,167.0,833.0,0.0,0.0
190,0.0,0.0,104.79,0.23,0.23,39.05,17.84,17.71,3060.0,0.5976530612244898,0.463,5.212,833,166.8,166.0,167.0,834.0,0.0,0.0
195,0.0,0.0,105.56,0.23,0.23,39.17,17.84,17.71,3069.0,0.5980072028811525,0.451,6.373,833,166.6,166.0,167.0,833.0,0.0,0.0
200,0.0,0.0,109.87,0.23,0.23,39.32,17.84,17.71,3082.0,0.6041690647482014,0.468,6.975,834,166.6,166.0,167.0,833.0,0.0,0.0
205,0.0,0.0,109.57,0.23,0.23,39.43,17.84,17.71,3090.0,0.6049111644657863,0.414,7.571,833,166.8,166.0,167.0,834.0,0.0,0.0
210,0.0,0.0,105.43,0.23,0.23,39.55,17.84,17.71,3099.0,0.6001824729891957,0.45,5.487,833,166.6,166.0,167.0,833.0,0.0,0.0
215,0.0,0.0,108.72,0.23,0.23,39.68,17.84,17.71,3109.0,0.6020431654676259,0.392,4.322,834,166.8,166.0,167.0,834.0,0.0,0.0
220,0.0,0.0,105.41,0.23,0.23,39.79,17.85,17.71,3118.0,0.6026842737094837,0.469,5.531,833,166.6,166.0,167.0,833.0,0.0,0.0
225,0.0,0.0,105.34,0.23,0.23,39.88,17.85,17.71,3125.0,0.600794964028777,0.45,5.947,834,166.6,166.0,167.0,833.0,0.0,0.0
230,0.0,0.0,105.36,0.23,0.23,39.98,17.85,17.71,3133.0,0.5951488595438176,0.45,2.506,833,166.8,166.0,167.0,834.0,0.0,0.0
235,0.0,0.0,108.79,0.23,0.23,40.13,17.85,17.71,3145.0,0.5891668667466987,0.455,3.151,833,166.6,166.0,167.0,833.0,0.0,0.0
240,0.0,0.0,105.62,0.23,0.23,40.24,17.85,17.71,3152.0,0.612863309352518,0.468,6.103,834,166.6,166.0,167.0,833.0,0.0,0.0
245,0.0,0.0,105.21,0.23,0.23,40.33,17.85,17.71,3161.0,0.6004549819927971,0.431,5.238,833,166.8,166.0,167.0,834.0,0.0,0.0
250,0.0,0.0,106.77,0.23,0.23,40.43,17.85,17.72,3169.0,0.5968967661691542,0.387,5.633,804,165.2,137.0,189.0,826.0,0.0,0.0
255,0.0,0.0,108.07,0.23,0.23,40.58,17.85,17.72,3180.0,3.9626670560747663,0.435,217.58,856,166.6,166.0,167.0,833.0,0.0,0.0
260,0.0,0.0,105.49,0.23,0.23,40.69,17.85,17.72,3189.0,0.6083397358943577,0.458,6.085,833,166.8,166.0,167.0,834.0,0.0,0.0
265,0.0,0.0,106.2,0.23,0.23,40.81,17.85,17.72,3197.0,0.6090444177671068,0.425,5.494,833,166.6,166.0,167.0,833.0,0.0,0.0
270,0.0,0.0,113.07,0.23,0.23,40.93,17.85,17.72,3207.0,0.6100347721822542,0.46,7.0,834,166.6,166.0,167.0,833.0,0.0,0.0
275,0.0,0.0,105.53,0.23,0.23,41.06,17.85,17.72,3217.0,0.6056110444177671,0.443,4.144,833,166.8,166.0,167.0,834.0,0.0,0.0
280,0.0,0.0,105.32,0.23,0.23,41.15,17.85,17.72,3224.0,0.6088835534213686,0.426,5.689,833,166.6,166.0,167.0,833.0,0.0,0.0
285,0.0,0.0,106.11,0.23,0.23,41.27,17.85,17.72,3234.0,0.5981990407673862,0.42,6.137,834,166.6,166.0,167.0,833.0,0.0,0.0
290,0.0,0.0,105.69,0.23,0.23,41.43,17.85,17.72,3247.0,0.6072617046818727,0.461,6.247,833,166.8,166.0,167.0,834.0,0.0,0.0
295,0.0,0.0,105.47,0.23,0.23,41.54,17.85,17.72,3255.0,0.6088799519807924,0.431,7.938,833,166.6,166.0,167.0,833.0,0.0,0.0
300,0.0,0.0,105.79,0.23,0.23,41.63,17.85,17.72,3262.0,0.6034112709832135,0.459,5.77,834,166.6,166.0,167.0,833.0,0.0,0.0
305,0.0,0.0,109.59,0.23,0.23,41.78,17.85,17.72,3274.0,0.6273469387755103,0.472,8.493,833,166.8,166.0,167.0,834.0,0.0,0.0
310,0.0,0.0,108.76,0.23,0.23,41.87,17.85,17.72,3281.0,0.6002989195678271,0.465,7.568,833,166.6,166.0,167.0,833.0,0.0,0.0
315,0.0,0.0,104.37,0.23,0.23,42.01,17.85,17.72,3292.0,0.6311163069544364,0.462,9.761,834,166.6,166.0,167.0,833.0,0.0,0.0
320,0.0,0.0,109.23,0.23,0.23,42.13,17.85,17.72,3301.0,0.6029735894357743,0.397,5.611,833,166.8,166.0,167.0,834.0,0.0,0.0
325,0.0,0.0,109.09,0.23,0.23,42.24,17.85,17.72,3310.0,0.6047599039615846,0.437,7.402,833,166.6,166.0,167.0,833.0,0.0,0.0
330,0.0,0.0,104.42,0.23,0.23,42.35,17.85,17.72,3318.0,0.6224436450839329,0.462,5.495,834,166.6,166.0,167.0,833.0,0.0,0.0
335,0.0,0.0,104.13,0.23,0.23,42.46,17.85,17.72,3328.0,0.6107142857142858,0.471,7.69,833,166.8,166.0,167.0,834.0,0.0,0.0
340,0.0,0.0,104.48,0.23,0.23,42.54,17.85,17.72,3334.0,0.607,0.443,6.542,833,166.6,166.0,167.0,833.0,0.0,0.0
345,0.0,0.0,103.94,0.23,0.23,42.7,17.85,17.72,3346.0,0.607673860911271,0.473,7.674,834,166.6,166.0,167.0,833.0,0.0,0.0
350,0.0,0.0,104.49,0.23,0.23,42.8,17.85,17.72,3354.0,0.6161800720288115,0.457,7.153,833,166.8,166.0,167.0,834.0,0.0,0.0
355,0.0,0.0,107.65,0.23,0.23,42.95,17.85,17.72,3365.0,0.6085822328931573,0.416,7.187,833,166.6,166.0,167.0,833.0,0.0,0.0
360,0.0,0.0,104.54,0.23,0.23,43.07,17.85,17.72,3375.0,0.6330167865707435,0.454,7.658,834,166.6,166.0,167.0,833.0,0.0,0.0
365,0.0,0.0,104.41,0.23,0.23,43.18,17.85,17.72,3384.0,0.6166158463385354,0.437,6.303,833,166.8,166.0,167.0,834.0,0.0,0.0
370,0.0,0.0,104.86,0.23,0.23,43.27,17.86,17.73,3391.0,0.634236211031175,0.448,6.153,834,166.6,166.0,167.0,833.0,0.0,0.0
375,0.0,0.0,108.01,0.23,0.23,43.42,17.86,17.73,3402.0,0.6131500600240096,0.463,7.442,833,166.8,166.0,167.0,834.0,0.0,0.0
380,0.0,0.0,104.55,0.23,0.23,43.52,17.86,17.73,3410.0,0.618655462184874,0.443,4.501,833,166.6,166.0,167.0,833.0,0.0,0.0
385,0.0,0.0,103.99,0.23,0.23,43.65,17.86,17.73,3421.0,0.6135815347721822,0.449,6.085,834,166.6,166.0,167.0,833.0,0.0,0.0
390,0.0,0.0,108.08,0.23,0.23,43.76,17.86,17.73,3429.0,0.6269207683073229,0.406,5.268,833,166.8,166.0,167.0,834.0,0.0,0.0
395,0.01,0.0,103.65,0.23,0.23,43.89,17.86,17.73,3439.0,0.6060984393757503,0.452,6.218,833,166.6,166.0,167.0,833.0,0.0,0.0
400,0.0,0.0,104.45,0.23,0.23,43.99,17.86,17.73,3447.0,0.6146115107913669,0.464,7.576,834,166.6,166.0,167.0,833.0,0.0,0.0
405,0.0,0.0,104.38,0.23,0.23,44.08,17.86,17.73,3454.0,0.606890756302521,0.459,6.445,833,166.8,166.0,167.0,834.0,0.0,0.0
410,0.0,0.0,108.73,0.23,0.23,44.24,17.86,17.73,3467.0,0.6079051620648259,0.446,7.059,833,166.6,166.0,167.0,833.0,0.0,0.0
415,0.0,0.0,104.13,0.23,0.23,44.34,17.86,17.73,3475.0,0.6065827338129496,0.458,6.175,834,166.6,166.0,167.0,833.0,0.0,0.0
420,0.0,0.0,104.49,0.23,0.23,44.42,17.86,17.73,3481.0,0.6190504201680672,0.444,7.062,833,166.8,166.0,167.0,834.0,0.0,0.0
425,0.0,0.01,107.69,0.23,0.23,44.58,17.86,17.73,3493.0,0.62862424969988,0.421,7.423,833,166.6,166.0,167.0,833.0,0.0,0.0
430,0.0,0.0,104.59,0.23,0.23,44.68,17.86,17.73,3502.0,0.6143800959232614,0.471,5.446,834,166.8,166.0,167.0,834.0,0.0,0.0
435,0.0,0.0,104.13,0.23,0.23,44.78,17.86,17.73,3509.0,0.6030300120048019,0.453,6.062,833,166.6,166.0,167.0,833.0,0.0,0.0
440,0.0,0.0,104.76,0.23,0.23,44.9,17.86,17.73,3518.0,0.6219363745498199,0.46,5.999,833,166.6,166.0,167.0,833.0,0.0,0.0
445,0.0,0.0,108.28,0.23,0.23,45.03,17.86,17.73,3528.0,0.6133968824940048,0.466,6.363,834,166.6,166.0,167.0,833.0,0.0,0.0
450,0.0,0.0,104.01,0.23,0.23,45.15,17.86,17.73,3538.0,0.6230060024009603,0.458,6.318,833,166.8,166.0,167.0,834.0,0.0,0.0
455,0.0,0.01,104.59,0.23,0.23,45.25,17.86,17.73,3546.0,0.613515587529976,0.463,6.291,834,166.6,166.0,167.0,833.0,0.0,0.0
460,0.0,0.0,104.47,0.23,0.23,45.34,17.86,17.73,3553.0,0.6154501800720288,0.435,6.389,833,166.8,166.0,167.0,834.0,0.0,0.0
465,0.0,0.0,104.13,0.23,0.23,45.49,17.86,17.73,3565.0,0.5978619447779112,0.461,5.212,833,166.6,166.0,167.0,833.0,0.0,0.0
470,0.0,0.0,104.85,0.23,0.23,45.58,17.86,17.73,3571.0,0.6123033573141486,0.458,5.031,834,166.6,166.0,167.0,833.0,0.0,0.0
475,0.0,0.0,104.26,0.23,0.23,45.67,17.86,17.73,3579.0,0.6169675870348139,0.465,6.153,833,166.8,166.0,167.0,834.0,0.0,0.0
480,0.0,0.0,103.94,0.23,0.23,45.84,17.86,17.73,3592.0,0.6031644657863146,0.471,6.531,833,166.6,166.0,167.0,833.0,0.0,0.0
485,0.01,0.01,104.36,0.23,0.23,45.92,17.86,17.73,3598.0,0.6134892086330935,0.471,6.251,834,166.6,166.0,167.0,833.0,0.0,0.0
490,0.0,0.0,104.69,0.23,0.23,46.03,17.86,17.73,3607.0,0.6121920768307323,0.47,6.269,833,166.8,166.0,167.0,834.0,0.0,0.0
495,0.0,0.0,104.96,0.23,0.23,46.14,17.86,17.73,3615.0,0.6171596638655463,0.438,6.239,833,166.6,166.0,167.0,833.0,0.0,0.0
500,0.0,0.0,104.38,0.23,0.23,46.28,17.86,17.73,3627.0,0.5939400479616307,0.438,3.319,834,166.6,166.0,167.0,833.0,0.0,0.0
505,0.0,0.0,104.35,0.23,0.23,46.38,17.86,17.73,3634.0,0.5982785114045618,0.427,6.038,833,166.8,166.0,167.0,834.0,0.0,0.0
510,0.0,0.0,104.35,0.23,0.23,46.48,17.86,17.73,3642.0,0.6113457382953181,0.481,4.831,833,166.6,166.0,167.0,833.0,0.0,0.0
515,0.0,0.01,104.58,0.23,0.23,46.62,17.86,17.73,3653.0,0.6016882494004796,0.44,3.19,834,166.6,166.0,167.0,833.0,0.0,0.0
520,0.0,0.0,104.5,0.23,0.23,46.75,17.86,17.73,3663.0,0.6028727490996398,0.441,4.758,833,166.8,166.0,167.0,834.0,0.0,0.0
525,0.0,0.0,104.42,0.23,0.23,46.84,17.86,17.73,3671.0,0.6039867947178871,0.43,5.97,833,166.6,166.0,167.0,833.0,0.0,0.0
530,0.0,0.0,104.69,0.23,0.23,46.93,17.86,17.73,3677.0,0.6051702637889688,0.397,6.158,834,166.6,166.0,167.0,833.0,0.0,0.0
535,0.0,0.0,104.45,0.23,0.23,47.1,17.86,17.73,3691.0,0.598062424969988,0.474,5.525,833,166.8,166.0,167.0,834.0,0.0,0.0
540,0.0,0.0,104.73,0.23,0.23,47.18,17.86,17.73,3697.0,0.6156314525810325,0.422,3.442,833,166.6,166.0,167.0,833.0,0.0,0.0
545,0.01,0.0,104.47,0.23,0.23,47.27,17.86,17.73,3704.0,0.6091079136690647,0.458,4.683,834,166.8,166.0,167.0,834.0,0.0,0.0
550,0.0,0.0,104.19,0.23,0.23,47.43,17.86,17.73,3717.0,0.607218487394958,0.45,6.463,833,166.6,166.0,167.0,833.0,0.0,0.0
555,0.0,0.0,104.41,0.23,0.23,47.52,17.86,17.73,3724.0,0.6124352517985612,0.456,4.828,834,166.6,166.0,167.0,833.0,0.0,0.0
560,0.0,0.0,103.96,0.23,0.23,47.61,17.86,17.73,3731.0,0.6117875150060025,0.468,4.477,833,166.8,166.0,167.0,834.0,0.0,0.0
565,0.0,0.0,104.47,0.23,0.23,47.78,17.86,17.73,3744.0,0.6070504201680672,0.388,6.273,833,166.6,166.0,167.0,833.0,0.0,0.0
570,0.0,0.0,104.31,0.23,0.23,47.86,17.86,17.73,3750.0,0.6195071942446043,0.448,8.407,834,166.6,166.0,167.0,833.0,0.0,0.0
575,0.0,0.0,105.33,0.23,0.23,47.99,17.86,17.73,3761.0,0.6067130852340936,0.474,6.364,833,166.8,166.0,167.0,834.0,0.0,0.0
580,0.0,0.0,108.4,0.23,0.23,48.13,17.86,17.73,3771.0,0.6268055222088835,0.46,8.01,833,166.6,166.0,167.0,833.0,0.0,0.0
585,0.0,0.0,107.41,0.23,0.23,48.22,17.86,17.73,3779.0,0.6195,0.475,7.161,834,166.6,166.0,167.0,833.0,0.0,0.0
590,0.0,0.0,104.51,0.23,0.23,48.38,17.86,17.73,3791.0,0.6105726290516206,0.45,8.165,833,166.8,166.0,167.0,834.0,0.0,0.0
595,0.0,0.0,109.99,0.23,0.23,48.51,17.86,17.73,3802.0,0.6040408163265306,0.449,7.607,833,166.6,166.0,167.0,833.0,0.0,0.0
600,0.0,0.0,103.83,0.23,0.23,48.59,17.86,17.73,3808.0,0.6176067146282973,0.429,8.408,834,166.6,166.0,167.0,833.0,0.0,0.0
605,0.01,0.0,104.15,0.23,0.23,48.72,17.86,17.73,3818.0,0.6115558223289316,0.451,7.364,833,166.8,166.0,167.0,834.0,0.0,0.0
610,0.0,0.0,105.06,0.23,0.23,48.82,17.86,17.73,3825.0,0.6094705882352941,0.433,6.117,833,166.6,165.0,168.0,833.0,0.0,0.0
615,0.0,0.0,104.43,0.23,0.23,48.91,17.86,17.73,3832.0,0.6272290167865708,0.466,8.181,834,166.6,166.0,167.0,833.0,0.0,0.0
620,0.0,0.0,104.73,0.23,0.23,49.05,17.86,17.73,3844.0,0.6127070828331332,0.453,8.796,833,166.8,166.0,167.0,834.0,0.0,0.0
625,0.0,0.0,104.19,0.23,0.23,49.17,17.86,17.73,3853.0,0.6063373349339736,0.453,7.387,833,166.6,166.0,167.0,833.0,0.0,0.0
630,0.0,0.0,109.28,0.23,0.23,49.32,17.86,17.73,3864.0,0.6117961630695443,0.473,7.585,834,166.6,166.0,167.0,833.0,0.0,0.0
635,0.0,0.01,104.24,0.23,0.23,49.42,17.86,17.73,3872.0,0.6218799519807923,0.407,8.045,833,166.8,166.0,167.0,834.0,0.0,0.0
640,0.0,0.0,104.52,0.23,0.23,49.53,17.86,17.73,3880.0,0.604124849939976,0.375,6.701,833,166.6,166.0,167.0,833.0,0.0,0.0
645,0.0,0.0,104.43,0.23,0.23,49.62,17.86,17.73,3889.0,0.6107074340527577,0.446,7.986,834,166.6,166.0,167.0,833.0,0.0,0.0
650,0.0,0.0,109.35,0.23,0.23,49.81,17.86,17.73,3903.0,0.6229483793517407,0.474,8.83,833,166.8,166.0,167.0,834.0,0.0,0.0
655,0.0,0.0,104.48,0.23,0.23,49.9,17.86,17.73,3910.0,0.6024909963985594,0.458,6.6,833,166.6,166.0,167.0,833.0,0.0,0.0
660,0.0,0.0,104.78,0.23,0.23,50.05,17.86,17.73,3921.0,0.6314856115107914,0.442,7.448,834,166.6,166.0,167.0,833.0,0.0,0.0
665,0.01,0.01,105.12,0.23,0.23,50.13,17.86,17.73,3929.0,0.6217154861944778,0.445,9.453,833,166.8,166.0,167.0,834.0,0.0,0.0
670,0.0,0.0,108.06,0.23,0.23,50.28,17.86,17.73,3940.0,0.6110660264105642,0.404,5.153,833,166.6,166.0,167.0,833.0,0.0,0.0
675,0.0,0.0,104.29,0.23,0.23,50.4,17.86,17.73,3949.0,0.6232302158273382,0.453,7.959,834,166.6,166.0,167.0,833.0,0.0,0.0
680,0.0,0.0,108.58,0.23,0.23,50.56,17.86,17.73,3961.0,0.6058247298919568,0.426,5.412,833,166.8,166.0,167.0,834.0,0.0,0.0
685,0.0,0.0,103.49,0.23,0.23,50.65,17.86,17.73,3970.0,0.593499399759904,0.455,9.191,833,166.6,166.0,167.0,833.0,0.0,0.0
690,0.0,0.0,103.45,0.23,0.23,50.74,17.86,17.73,3976.0,0.6110551558752998,0.431,8.551,834,166.6,166.0,167.0,833.0,0.0,0.0
695,0.0,0.0,104.06,0.23,0.23,50.85,17.86,17.73,3985.0,0.6009723889555822,0.448,8.001,833,166.8,166.0,167.0,834.0,0.0,0.0
700,0.0,0.0,108.75,0.23,0.23,51.0,17.86,17.73,3996.0,0.6139256594724221,0.454,8.462,834,166.6,166.0,167.0,833.0,0.0,0.0
705,0.0,0.0,103.62,0.23,0.23,51.1,17.86,17.73,4004.0,0.608906362545018,0.402,7.642,833,166.8,166.0,167.0,834.0,0.0,0.0
710,0.0,0.0,103.47,0.23,0.23,51.22,17.86,17.73,4014.0,0.6044729891956783,0.43,8.399,833,166.6,166.0,167.0,833.0,0.0,0.0
715,0.0,0.0,103.53,0.23,0.23,51.32,17.86,17.73,4022.0,0.5956882494004796,0.453,6.679,834,166.6,166.0,167.0,833.0,0.0,0.0
720,0.0,0.0,110.99,0.23,0.23,51.46,17.86,17.73,4032.0,0.5993241296518608,0.449,6.206,833,166.8,166.0,167.0,834.0,0.0,0.0
725,0.0,0.0,103.57,0.23,0.23,51.57,17.86,17.73,4041.0,0.6243493397358943,0.443,12.649,833,166.6,166.0,167.0,833.0,0.0,0.0
730,0.0,0.0,103.59,0.23,0.23,51.68,17.86,17.73,4049.0,0.5993932853717027,0.442,7.4,834,166.6,166.0,167.0,833.0,0.0,0.0
735,0.0,0.0,108.03,0.23,0.23,51.83,17.86,17.73,4062.0,0.6043661464585834,0.401,5.598,833,166.8,166.0,167.0,834.0,0.0,0.0
740,0.0,0.0,104.5,0.23,0.23,51.93,17.86,17.73,4070.0,0.6043781512605042,0.433,5.392,833,166.6,166.0,167.0,833.0,0.0,0.0
745,0.0,0.0,104.34,0.23,0.23,52.01,17.86,17.73,4076.0,0.6184808153477218,0.469,7.939,834,166.6,166.0,167.0,833.0,0.0,0.0
750,0.0,0.0,104.17,0.23,0.23,52.16,17.86,17.73,4087.0,0.6033889555822329,0.442,7.249,833,166.8,166.0,167.0,834.0,0.0,0.0
755,0.0,0.0,104.71,0.23,0.23,52.24,17.86,17.73,4093.0,0.607249699879952,0.449,7.816,833,166.6,166.0,167.0,833.0,0.0,0.0
760,0.0,0.0,104.22,0.23,0.23,52.38,17.86,17.73,4105.0,0.6229796163069545,0.449,11.203,834,166.6,166.0,167.0,833.0,0.0,0.0
765,0.0,0.0,104.39,0.23,0.23,52.5,17.86,17.73,4114.0,0.6144609843937575,0.403,6.362,833,166.8,166.0,167.0,834.0,0.0,0.0
770,0.0,0.0,103.72,0.23,0.23,52.59,17.86,17.73,4121.0,0.6172496998799519,0.463,7.518,833,166.6,166.0,167.0,833.0,0.0,0.0
775,0.0,0.0,103.71,0.23,0.23,52.75,17.86,17.73,4133.0,0.6040959232613908,0.448,8.671,834,166.6,166.0,167.0,833.0,0.0,0.0
780,0.0,0.0,103.58,0.23,0.23,52.84,17.86,17.73,4141.0,0.6149338146811071,0.452,7.285,831,166.4,166.0,167.0,832.0,0.0,0.0
785,0.0,0.0,103.68,0.23,0.23,52.96,17.86,17.74,4150.0,0.6004867788461539,0.436,11.327,832,166.2,166.0,167.0,831.0,0.0,0.0
790,0.0,0.0,103.77,0.23,0.23,53.06,17.86,17.74,4158.0,0.5970673076923076,0.451,8.173,832,166.6,166.0,167.0,833.0,0.0,0.0
795,0.0,0.0,105.35,0.23,0.23,53.2,17.86,17.74,4169.0,0.5965738295318127,0.43,7.773,833,166.4,166.0,167.0,832.0,0.0,0.0
800,0.0,0.0,104.63,0.23,0.23,53.34,17.86,17.74,4179.0,0.6228125,0.398,9.686,832,166.6,166.0,167.0,833.0,0.0,0.0
805,,,,,,,,,,0.6123193277310924,0.467,6.733,833,166.6,166.0,167.0,833.0,0.0,0.0
810,0.0,0.0,108.66,0.23,0.23,53.45,17.86,17.74,4189.0,0.6120240096038415,0.449,6.918,833,166.6,166.0,167.0,833.0,0.0,0.0
815,0.0,0.0,104.57,0.23,0.23,53.56,17.86,17.74,4197.0,0.6058499399759903,0.454,6.805,833,166.6,166.0,167.0,833.0,0.0,0.0
820,0.0,0.0,104.82,0.23,0.23,53.68,17.86,17.74,4206.0,0.618765906362545,0.452,10.868,833,166.6,166.0,167.0,833.0,0.0,0.0
825,0.0,0.0,104.31,0.23,0.23,53.76,17.86,17.74,4213.0,0.5965851318944845,0.454,6.661,834,166.6,166.0,167.0,833.0,0.0,0.0
830,0.0,0.0,109.16,0.23,0.23,53.93,17.86,17.74,4227.0,0.6059255702280912,0.465,7.333,833,166.6,166.0,167.0,833.0,0.0,0.0
835,0.0,0.0,108.23,0.23,0.23,54.02,17.86,17.74,4234.0,0.6332256902761104,0.469,9.693,833,166.8,166.0,167.0,834.0,0.0,0.0
840,0.0,0.0,105.2,0.23,0.23,54.13,17.86,17.74,4242.0,0.6061788715486195,0.456,7.356,833,166.6,166.0,167.0,833.0,0.0,0.0
845,0.0,0.0,104.79,0.23,0.23,54.26,17.86,17.74,4251.0,0.6206438848920863,0.408,8.538,834,166.6,166.0,167.0,833.0,0.0,0.0
850,0.0,0.0,104.1,0.23,0.23,54.38,17.87,17.74,4261.0,0.621967587034814,0.482,7.654,833,166.8,166.0,167.0,834.0,0.0,0.0
855,0.0,0.0,104.9,0.23,0.23,54.49,17.87,17.74,4271.0,0.6250252100840336,0.465,8.887,833,166.6,166.0,167.0,833.0,0.0,0.0
860,0.0,0.0,104.86,0.23,0.23,54.61,17.87,17.74,4280.0,0.6071139088729016,0.417,7.1,834,166.6,166.0,167.0,833.0,0.0,0.0
865,0.0,0.0,108.2,0.23,0.23,54.75,17.87,17.74,4290.0,0.6091584633853541,0.44,5.665,833,166.8,166.0,167.0,834.0,0.0,0.0
870,0.0,0.0,104.47,0.23,0.23,54.87,17.87,17.74,4300.0,0.61237575030012,0.446,4.784,833,166.6,166.0,167.0,833.0,0.0,0.0
875,0.0,0.0,104.34,0.23,0.23,54.85,17.87,17.74,4298.0,0.6072110311750599,0.472,8.031,834,166.6,166.0,167.0,833.0,0.0,0.0
880,0.0,0.0,108.68,0.23,0.23,54.98,17.87,17.74,4308.0,0.6239567827130852,0.465,6.999,833,166.8,166.0,167.0,834.0,0.0,0.0
885,0.0,0.0,104.43,0.23,0.23,55.1,17.87,17.74,4318.0,0.608015606242497,0.448,6.547,833,166.6,166.0,167.0,833.0,0.0,0.0
890,0.0,0.0,104.31,0.23,0.23,55.21,17.87,17.74,4326.0,0.6089544364508394,0.384,5.149,834,166.6,166.0,167.0,833.0,0.0,0.0
895,0.0,0.0,104.72,0.23,0.23,55.31,17.87,17.74,4334.0,0.6044009603841537,0.429,5.529,833,166.8,166.0,167.0,834.0,0.0,0.0
900,0.0,0.0,108.33,0.23,0.23,55.45,17.87,17.74,4345.0,0.6201176470588236,0.474,7.632,833,166.6,166.0,167.0,833.0,0.0,0.0
905,0.0,0.0,104.44,0.23,0.23,55.54,17.87,17.74,4353.0,0.6113681055155875,0.468,7.588,834,166.6,166.0,167.0,833.0,0.0,0.0
910,0.0,0.0,104.77,0.23,0.23,55.67,17.87,17.74,4363.0,0.6138163265306122,0.449,6.591,833,166.8,166.0,167.0,834.0,0.0,0.0
915,0.0,0.0,104.65,0.23,0.23,55.73,17.87,17.74,4368.0,0.6199423769507804,0.437,8.136,833,166.6,166.0,167.0,833.0,0.0,0.0
920,0.0,0.0,104.2,0.23,0.23,55.9,17.87,17.74,4380.0,0.6077134292565948,0.466,6.665,834,166.6,166.0,167.0,833.0,0.0,0.0
925,0.0,0.0,104.11,0.23,0.23,56.02,17.87,17.74,4390.0,0.6167310924369748,0.407,7.051,833,166.8,166.0,167.0,834.0,0.0,0.0
930,0.0,0.0,104.62,0.23,0.23,56.11,17.87,17.74,4397.0,0.6103577430972389,0.461,8.412,833,166.6,166.0,167.0,833.0,0.0,0.0
935,0.0,0.0,108.61,0.23,0.23,56.24,17.87,17.74,4408.0,0.6079208633093525,0.476,6.665,834,166.6,166.0,167.0,833.0,0.0,0.0
940,0.0,0.0,104.27,0.23,0.23,56.34,17.87,17.74,4415.0,0.6035090036014406,0.459,7.189,833,166.8,166.0,167.0,834.0,0.0,0.0
945,0.0,0.0,104.72,0.23,0.23,56.44,17.87,17.74,4423.0,0.6122388955582233,0.454,6.209,833,166.6,166.0,167.0,833.0,0.0,0.0
950,0.0,0.0,108.5,0.23,0.23,56.61,17.87,17.74,4436.0,0.6066810551558752,0.433,3.762,834,166.6,166.0,167.0,833.0,0.0,0.0
955,0.0,0.0,108.33,0.23,0.23,56.67,17.87,17.74,4441.0,0.6026374549819928,0.444,4.465,833,166.8,166.0,168.0,834.0,0.0,0.0
960,0.0,0.0,104.3,0.23,0.23,56.79,17.87,17.74,4450.0,0.6093589435774309,0.413,6.804,833,166.6,166.0,167.0,833.0,0.0,0.0
965,0.0,0.0,104.72,0.23,0.23,56.88,17.87,17.74,4458.0,0.5930839328537171,0.437,5.112,834,166.6,166.0,167.0,833.0,0.0,0.0
970,0.0,0.0,109.33,0.23,0.23,57.04,17.87,17.74,4469.0,0.6052016806722689,0.413,6.114,833,166.8,166.0,167.0,834.0,0.0,0.0
975,0.0,0.0,104.54,0.23,0.23,57.14,17.87,17.74,4478.0,0.5947635054021608,0.412,6.153,833,166.6,166.0,167.0,833.0,0.0,0.0
980,0.0,0.0,104.34,0.23,0.23,57.24,17.87,17.74,4486.0,0.6135359712230216,0.478,6.777,834,166.6,166.0,167.0,833.0,0.0,0.0
985,0.0,0.0,104.81,0.23,0.23,57.33,17.87,17.74,4493.0,0.6075222088835533,0.437,6.832,833,166.8,166.0,167.0,834.0,0.0,0.0
990,0.0,0.0,108.8,0.23,0.23,57.49,17.87,17.74,4505.0,0.6174513805522209,0.432,6.793,833,166.6,166.0,167.0,833.0,0.0,0.0
995,0.0,0.0,108.45,0.23,0.23,57.57,17.87,17.74,4512.0,0.6051450839328537,0.432,7.922,834,166.6,166.0,167.0,833.0,0.0,0.0
1000,0.0,0.0,104.73,0.23,0.23,57.69,17.87,17.74,4520.0,0.6323361344537815,0.448,6.792,833,166.8,166.0,167.0,834.0,0.0,0.0
1005,0.0,0.0,104.14,0.23,0.23,57.78,17.87,17.74,4528.0,0.632115107913669,0.477,7.803,834,166.6,166.0,167.0,833.0,0.0,0.0
1010,0.0,0.0,108.22,0.23,0.23,57.92,17.87,17.74,4539.0,0.6001764705882353,0.425,6.436,833,166.6,166.0,167.0,833.0,0.0,0.0
1015,0.0,0.0,104.37,0.23,0.23,58.04,17.87,17.74,4548.0,0.6053481392557023,0.411,6.736,833,166.8,166.0,167.0,834.0,0.0,0.0
1020,0.0,0.0,104.77,0.23,0.23,58.12,17.87,17.74,4555.0,0.6358715486194478,0.466,7.9,833,166.6,166.0,167.0,833.0,0.0,0.0
1025,0.0,0.0,104.6,0.23,0.23,58.23,17.87,17.74,4563.0,0.6220671462829735,0.441,5.91,834,166.6,166.0,167.0,833.0,0.0,0.0
1030,0.0,0.0,104.47,0.23,0.23,58.38,17.87,17.74,4575.0,0.6143817527010804,0.467,6.878,833,166.8,166.0,167.0,834.0,0.0,0.0
1035,0.0,0.0,104.34,0.23,0.23,58.48,17.87,17.74,4583.0,0.6077466986794717,0.439,7.344,833,166.6,166.0,167.0,833.0,0.0,0.0
1040,0.0,0.0,104.83,0.23,0.23,58.6,17.87,17.74,4592.0,0.6373213429256595,0.477,9.83,834,166.6,166.0,167.0,833.0,0.0,0.0
1045,0.0,0.0,104.38,0.23,0.23,58.72,17.87,17.74,4601.0,0.6083709483793518,0.466,6.489,833,166.8,166.0,167.0,834.0,0.0,0.0
1050,0.0,0.0,104.5,0.23,0.23,58.83,17.87,17.74,4610.0,0.6068055222088835,0.461,7.989,833,166.6,166.0,167.0,833.0,0.0,0.0
1055,0.0,0.0,104.57,0.23,0.23,58.93,17.87,17.74,4618.0,0.6131103117505995,0.458,6.664,834,166.6,166.0,167.0,833.0,0.0,0.0
1060,0.0,0.0,108.23,0.23,0.23,59.06,17.87,17.74,4628.0,0.6162304921968789,0.446,7.671,833,166.8,166.0,167.0,834.0,0.0,0.0
1065,0.0,0.0,108.42,0.23,0.23,59.16,17.87,17.74,4636.0,0.6162701080432172,0.392,6.876,833,166.6,166.0,167.0,833.0,0.0,0.0
1070,0.0,0.0,104.55,0.23,0.23,59.27,17.87,17.74,4644.0,0.6036330935251799,0.472,4.991,834,166.6,166.0,167.0,833.0,0.0,0.0
1075,0.0,0.0,104.62,0.23,0.23,59.36,17.87,17.74,4652.0,0.6068631452581033,0.426,6.492,833,166.8,166.0,167.0,834.0,0.0,0.0
1080,0.0,0.0,104.54,0.23,0.23,59.47,17.87,17.74,4661.0,0.6190720288115247,0.466,4.283,833,166.6,166.0,167.0,833.0,0.0,0.0
1085,0.0,0.0,104.39,0.23,0.23,59.61,17.87,17.74,4672.0,0.6042470023980815,0.452,5.716,834,166.6,166.0,167.0,833.0,0.0,0.0
1090,0.0,0.0,104.36,0.23,0.23,59.72,17.87,17.74,4679.0,0.6137971188475391,0.477,6.676,833,166.8,166.0,167.0,834.0,0.0,0.0
1095,0.0,0.0,108.32,0.23,0.23,59.85,17.87,17.74,4690.0,0.6150216086434573,0.441,7.167,833,166.6,166.0,167.0,833.0,0.0,0.0
1100,0.0,0.0,104.28,0.23,0.23,59.78,17.87,17.74,4684.0,0.6132829736211032,0.456,8.127,834,166.6,166.0,167.0,833.0,0.0,0.0
1105,0.0,0.0,104.24,0.23,0.23,59.89,17.87,17.74,4692.0,0.6153829531812726,0.42,4.973,833,166.8,166.0,167.0,834.0,0.0,0.0
1110,0.0,0.0,104.18,0.23,0.23,59.81,17.87,17.74,4687.0,0.6097973621103118,0.444,6.951,834,166.6,166.0,167.0,833.0,0.0,0.0
1115,0.0,0.0,108.22,0.23,0.23,59.93,17.87,17.74,4697.0,0.6083517406962785,0.456,4.372,833,166.6,166.0,167.0,833.0,0.0,0.0
1120,0.0,0.0,108.95,0.23,0.23,60.02,17.87,17.74,4704.0,0.6076314525810323,0.471,4.015,833,166.8,166.0,167.0,834.0,0.0,0.0
1125,0.0,0.0,104.52,0.23,0.23,60.16,17.87,17.74,4714.0,0.6056954436450839,0.453,5.136,834,166.6,166.0,167.0,833.0,0.0,0.0
1130,0.0,0.0,104.19,0.23,0.23,60.28,17.87,17.74,4723.0,0.6149327731092438,0.468,7.086,833,166.6,166.0,167.0,833.0,0.0,0.0
1135,0.0,0.0,108.78,0.23,0.23,60.23,17.87,17.74,4719.0,0.6031788715486194,0.454,4.2,833,166.8,166.0,167.0,834.0,0.0,0.0
1140,0.0,0.0,104.37,0.23,0.23,60.33,17.87,17.74,4727.0,0.609093637454982,0.391,8.319,833,166.6,166.0,167.0,833.0,0.0,0.0
1145,0.01,0.01,104.31,0.23,0.23,60.42,17.87,17.74,4734.0,0.6114088729016787,0.452,4.481,834,166.6,166.0,167.0,833.0,0.0,0.0
1150,0.0,0.0,105.25,0.23,0.23,60.52,17.87,17.74,4743.0,0.6134633853541417,0.457,6.813,833,166.8,166.0,167.0,834.0,0.0,0.0
1155,0.0,0.0,104.53,0.23,0.23,60.49,17.87,17.74,4741.0,0.6165558223289316,0.473,7.958,833,166.6,166.0,167.0,833.0,0.0,0.0
1160,0.0,0.0,105.0,0.23,0.23,60.59,17.87,17.74,4748.0,0.6125803357314149,0.459,4.901,834,166.6,166.0,167.0,833.0,0.0,0.0
1165,0.0,0.0,104.61,0.23,0.23,60.69,17.87,17.74,4756.0,0.6048391356542617,0.441,6.212,833,166.8,166.0,167.0,834.0,0.0,0.0
1170,0.0,0.0,108.45,0.23,0.23,60.82,17.87,17.74,4766.0,0.6175186074429773,0.459,8.918,833,166.6,166.0,167.0,833.0,0.0,0.0
1175,0.0,0.01,107.52,0.23,0.23,60.99,17.87,17.74,4780.0,0.6326390887290168,0.451,14.302,834,166.8,166.0,167.0,834.0,0.0,0.0
1180,0.0,0.0,104.41,0.23,0.23,61.08,17.87,17.74,4787.0,0.6078739495798319,0.468,6.453,833,166.6,166.0,167.0,833.0,0.0,0.0
1185,0.0,0.0,105.54,0.23,0.23,60.99,17.87,17.74,4780.0,0.6228836930455636,0.425,10.102,834,166.6,166.0,167.0,833.0,0.0,0.0
1190,0.0,0.0,104.27,0.23,0.23,61.13,17.87,17.74,4790.0,0.6205978391356543,0.452,9.821,833,166.6,166.0,167.0,833.0,0.0,0.0
1195,0.0,0.0,104.21,0.23,0.23,61.24,17.87,17.74,4799.0,0.615030012004802,0.456,8.987,833,166.8,166.0,167.0,834.0,0.0,0.0
1200,0.0,0.0,104.19,0.23,0.23,61.16,17.87,17.74,4793.0,0.6110083932853717,0.473,6.386,834,166.6,166.0,167.0,833.0,0.0,0.0
1205,0.01,0.0,109.36,0.23,0.23,61.28,17.87,17.74,4802.0,0.604171668667467,0.442,8.534,833,166.8,166.0,167.0,834.0,0.0,0.0
1210,0.0,0.0,104.22,0.23,0.23,61.4,17.87,17.74,4811.0,0.611343337334934,0.468,8.301,833,166.6,166.0,167.0,833.0,0.0,0.0
1215,0.0,0.0,104.64,0.23,0.23,61.5,17.87,17.74,4819.0,0.6081510791366906,0.477,6.274,834,166.6,166.0,167.0,833.0,0.0,0.0
1220,0.0,0.0,104.58,0.23,0.23,61.41,17.87,17.74,4812.0,0.6255858343337334,0.47,8.303,833,166.8,166.0,167.0,834.0,0.0,0.0
1225,0.0,0.0,109.7,0.23,0.23,61.54,17.87,17.74,4823.0,0.6193625450180071,0.452,8.508,833,166.6,166.0,167.0,833.0,0.0,0.0
1230,0.0,0.0,109.94,0.23,0.23,61.65,17.87,17.74,4831.0,0.6252146282973621,0.451,8.543,834,166.6,166.0,167.0,833.0,0.0,0.0
1235,0.01,0.0,104.1,0.23,0.23,61.74,17.87,17.74,4838.0,0.6049927971188476,0.4,5.975,833,166.8,166.0,167.0,834.0,0.0,0.0
1240,0.0,0.0,104.49,0.23,0.23,61.87,17.87,17.74,4848.0,0.6223445378151261,0.451,9.685,833,166.6,166.0,167.0,833.0,0.0,0.0
1245,0.0,0.0,103.91,0.23,0.23,62.01,17.87,17.74,4859.0,0.6107529976019185,0.42,6.042,834,166.6,166.0,167.0,833.0,0.0,0.0
1250,0.0,0.0,104.25,0.23,0.23,62.11,17.87,17.74,4868.0,0.6291260504201681,0.455,8.123,833,166.8,166.0,167.0,834.0,0.0,0.0
1255,0.0,0.0,105.82,0.23,0.23,62.24,17.87,17.74,4878.0,0.610475935828877,0.481,6.738,748,166.66666666666666,166.0,167.0,500.0,0.0,0.0
