idx,site,date,time,navTime,totalTime,lcp,fcp,ttfb,tbt,tti,longTasks,longestTask,error
"1","http://localhost:8080/","2024-12-8","10:22:59","1184","6206","2047.0000000018626","272.5","151.5","0","272.5","0","-1",""
"2","http://localhost:8080/","2024-12-8","10:23:06","959","5976","1413.7000000011176","87.59999999962747","17.90000000037253","0","87.59999999962747","0","-1",""
"3","http://localhost:8080/","2024-12-8","10:23:13","995","6009","1534.7000000011176","95.80000000074506","19.700000001117587","0","95.80000000074506","0","-1",""
"4","http://localhost:8080/","2024-12-8","10:23:20","777","5792","869.5999999996275","90.09999999962747","16.299999998882413","0","90.09999999962747","0","-1",""
"5","http://localhost:8080/","2024-12-8","10:23:26","971","5987","1442.4999999981374","87.5","15.899999998509884","0","87.5","0","-1",""
"6","http://localhost:8080/","2024-12-8","10:23:33","925","5939","1316.199999999255","81","18.5","0","81","0","-1",""
"7","http://localhost:8080/","2024-12-8","10:23:39","930","5943","1332","86.40000000037253","11.099999999627471","0","86.40000000037253","0","-1",""
"8","http://localhost:8080/","2024-12-8","10:23:46","860","5872","1126","84.5","13.700000001117587","0","84.5","0","-1",""
"9","http://localhost:8080/","2024-12-8","10:23:52","851","5857","1092.4999999981374","80.40000000037253","15.900000000372529","0","80.40000000037253","0","-1",""
"10","http://localhost:8080/","2024-12-8","10:23:59","1116","6130","1890.2999999988824","80.40000000037253","10.5","0","80.40000000037253","0","-1",""
"11","http://localhost:8080/","2024-12-8","10:24:06","915","5928","1281.0999999996275","83.59999999962747","11.699999999254942","0","83.59999999962747","0","-1",""
"12","http://localhost:8080/","2024-12-8","10:24:12","993","6000","1519.3000000026077","82.09999999962747","10.099999999627471","0","82.09999999962747","0","-1",""
"13","http://localhost:8080/","2024-12-8","10:24:19","1063","6074","1719.5999999996275","80","14.199999999254942","0","80","0","-1",""
"14","http://localhost:8080/","2024-12-8","10:24:25","851","5861","1087.7999999988824","78.90000000037253","12.900000000372529","0","78.90000000037253","0","-1",""
"15","http://localhost:8080/","2024-12-8","10:24:32","912","5925","1289.2000000011176","80.70000000111759","14","0","80.70000000111759","0","-1",""
"16","http://localhost:8080/","2024-12-8","10:24:38","879","5891","1185.6999999973923","79.29999999888241","12.899999998509884","0","79.29999999888241","0","-1",""
"17","http://localhost:8080/","2024-12-8","10:24:45","1009","6019","1563.9999999981374","87.90000000037253","11.400000000372529","0","87.90000000037253","0","-1",""
"18","http://localhost:8080/","2024-12-8","10:24:52","917","5927","1287.4000000003725","86","13.099999999627471","0","86","0","-1",""
"19","http://localhost:8080/","2024-12-8","10:24:58","857","5868","1110.9000000022352","78.80000000074506","8.100000001490116","0","78.80000000074506","0","-1",""
"20","http://localhost:8080/","2024-12-8","10:25:05","832","5844","1042.8999999985099","73.59999999962747","12","0","73.59999999962747","0","-1",""
"21","http://localhost:8080/","2024-12-8","10:25:11","952","5964","1407.2999999970198","70.09999999962747","4.899999998509884","0","70.09999999962747","0","-1",""
"22","http://localhost:8080/","2024-12-8","10:25:18","988","6000","1510.4999999981374","71.09999999962747","10.799999998882413","0","71.09999999962747","0","-1",""
"23","http://localhost:8080/","2024-12-8","10:25:24","932","5943","1331.800000000745","77","12.599999999627471","0","77","0","-1",""
"24","http://localhost:8080/","2024-12-8","10:25:31","1064","6075","1724.2000000011176","73.20000000111759","8.900000000372529","0","73.20000000111759","0","-1",""
"25","http://localhost:8080/","2024-12-8","10:25:38","836","5848","1049","82.5","9.099999999627471","0","82.5","0","-1",""
"26","http://localhost:8080/","2024-12-8","10:25:44","849","5861","1095.6999999973923","75.79999999888241","10","0","75.79999999888241","0","-1",""
"27","http://localhost:8080/","2024-12-8","10:25:51","1002","6014","1562.0999999996275","71.79999999888241","11.799999998882413","0","71.79999999888241","0","-1",""
"28","http://localhost:8080/","2024-12-8","10:25:57","988","5994","1503.0000000018626","68.20000000111759","6.200000001117587","0","68.20000000111759","0","-1",""
"29","http://localhost:8080/","2024-12-8","10:26:04","833","5845","1034.0000000018626","76.20000000111759","7.800000000745058","0","76.20000000111759","0","-1",""
"30","http://localhost:8080/","2024-12-8","10:26:10","981","5990","1483","85.69999999925494","10.199999999254942","0","85.69999999925494","0","-1",""
"31","http://localhost:8080/","2024-12-8","10:26:17","1040","6051","1665.0999999959022","72.19999999925494","10.599999999627471","0","72.19999999925494","0","-1",""
"32","http://localhost:8080/","2024-12-8","10:26:24","898","5911","1232.3999999985099","75.79999999888241","8.599999999627471","0","75.79999999888241","0","-1",""
"33","http://localhost:8080/","2024-12-8","10:26:30","946","5958","1384.8000000026077","70.70000000111759","9.200000001117587","0","70.70000000111759","0","-1",""
"34","http://localhost:8080/","2024-12-8","10:26:37","996","6008","1529.4000000022352","85.10000000149012","7.700000001117587","0","85.10000000149012","0","-1",""
"35","http://localhost:8080/","2024-12-8","10:26:43","816","5829","988.3999999985099","69.39999999850988","8.099999999627471","0","69.39999999850988","0","-1",""
"36","http://localhost:8080/","2024-12-8","10:26:50","852","5864","1112.8000000026077","71.90000000037253","10.700000001117587","0","71.90000000037253","0","-1",""
"37","http://localhost:8080/","2024-12-8","10:26:56","832","5846","1037.9000000003725","70.5","8.5","0","70.5","0","-1",""
"38","http://localhost:8080/","2024-12-8","10:27:03","917","5928","1300.7000000029802","67.20000000111759","6.700000001117587","0","67.20000000111759","0","-1",""
"39","http://localhost:8080/","2024-12-8","10:27:09","777","5790","867.3999999985099","70.79999999888241","7.599999999627471","0","70.79999999888241","0","-1",""
"40","http://localhost:8080/","2024-12-8","10:27:16","836","5848","1064.199999999255","72.29999999888241","7.199999999254942","0","72.29999999888241","0","-1",""
"41","http://localhost:8080/","2024-12-8","10:27:22","810","5823","965.9000000003725","72.69999999925494","10.199999999254942","0","72.69999999925494","0","-1",""
"42","http://localhost:8080/","2024-12-8","10:27:29","1043","6055","1675.3000000026077","67.20000000111759","5.800000000745058","0","67.20000000111759","0","-1",""
"43","http://localhost:8080/","2024-12-8","10:27:35","852","5864","1096.699999999255","72.09999999962747","8.099999999627471","0","72.09999999962747","0","-1",""
"44","http://localhost:8080/","2024-12-8","10:27:42","1074","6086","1770.8999999966472","74.79999999888241","7.199999999254942","0","74.79999999888241","0","-1",""
"45","http://localhost:8080/","2024-12-8","10:27:49","1218","6230","2192.2000000011176","72.40000000037253","6.800000000745058","0","72.40000000037253","0","-1",""
"46","http://localhost:8080/","2024-12-8","10:27:56","993","6003","1524.1000000014901","74.70000000111759","8.400000000372529","0","74.70000000111759","0","-1",""
"47","http://localhost:8080/","2024-12-8","10:28:02","895","5908","1234.7000000011176","70.90000000037253","8.5","0","70.90000000037253","0","-1",""
"48","http://localhost:8080/","2024-12-8","10:28:09","1135","6147","1957.0000000018626","69.70000000111759","8.300000000745058","0","69.70000000111759","0","-1",""
"49","http://localhost:8080/","2024-12-8","10:28:16","998","6009","1536.5999999977648","79.5","10.799999998882413","0","79.5","0","-1",""
"50","http://localhost:8080/","2024-12-8","10:28:22","884","5896","1211.6999999955297","81.09999999962747","7.399999998509884","0","81.09999999962747","0","-1",""
"51","http://localhost:8080/","2024-12-8","10:28:29","1087","6101","1720.699999999255","73.90000000037253","7.599999999627471","0","73.90000000037253","0","-1",""
"52","http://localhost:8080/","2024-12-8","10:28:35","742","5754","754.8000000044703","76.80000000074506","8.800000000745058","0","76.80000000074506","0","-1",""
"53","http://localhost:8080/","2024-12-8","10:28:42","823","5835","1001.9000000003725","84","11.5","0","84","0","-1",""
"54","http://localhost:8080/","2024-12-8","10:28:48","855","5868","1113.1000000014901","79.90000000037253","6.5","0","79.90000000037253","0","-1",""
"55","http://localhost:8080/","2024-12-8","10:28:55","922","5934","1299.6000000014901","74.10000000149012","11.100000001490116","0","74.10000000149012","0","-1",""
"56","http://localhost:8080/","2024-12-8","10:29:01","870","5884","1154.4000000022352","77.60000000149012","7.600000001490116","0","77.60000000149012","0","-1",""
"57","http://localhost:8080/","2024-12-8","10:29:08","981","5995","1487.9000000022352","80.20000000111759","9.099999999627471","0","80.20000000111759","0","-1",""
"58","http://localhost:8080/","2024-12-8","10:29:15","862","5877","1112.9999999981374","69.29999999888241","8.099999999627471","0","69.29999999888241","0","-1",""
"59","http://localhost:8080/","2024-12-8","10:29:21","803","5815","953.3999999985099","68.19999999925494","7.899999998509884","0","68.19999999925494","0","-1",""
"60","http://localhost:8080/","2024-12-8","10:29:28","1088","6101","1808.5","78.90000000037253","6.699999999254942","0","78.90000000037253","0","-1",""
"61","http://localhost:8080/","2024-12-8","10:29:34","855","5870","1099.699999999255","82.90000000037253","9.199999999254942","0","82.90000000037253","0","-1",""
"62","http://localhost:8080/","2024-12-8","10:29:41","951","5963","1403.7000000011176","69","9.200000001117587","0","69","0","-1",""
"63","http://localhost:8080/","2024-12-8","10:29:47","915","5929","1281.1000000033528","77.40000000037253","7.700000001117587","0","77.40000000037253","0","-1",""
"64","http://localhost:8080/","2024-12-8","10:29:54","944","5957","1378.6000000014901","85.80000000074506","9.5","0","85.80000000074506","0","-1",""
"65","http://localhost:8080/","2024-12-8","10:30:01","926","5939","1310.4999999981374","70.09999999962747","7.299999998882413","0","70.09999999962747","0","-1",""
"66","http://localhost:8080/","2024-12-8","10:30:07","946","5960","1381.1999999973923","77.5","6.099999999627471","0","77.5","0","-1",""
"67","http://localhost:8080/","2024-12-8","10:30:14","1084","6098","1809.0999999996275","70.40000000037253","9.299999998882413","0","70.40000000037253","0","-1",""
"68","http://localhost:8080/","2024-12-8","10:30:20","907","5920","1274.9000000003725","67.30000000074506","6.700000001117587","0","67.30000000074506","0","-1",""
"69","http://localhost:8080/","2024-12-8","10:30:27","893","5905","1230.0999999996275","77.5","8.400000000372529","0","77.5","0","-1",""
"70","http://localhost:8080/","2024-12-8","10:30:34","736","5750","751.1999999973923","67.5","6.599999999627471","0","67.5","0","-1",""
"71","http://localhost:8080/","2024-12-8","10:30:40","979","5992","1483.8999999985099","78.69999999925494","10.299999998882413","0","78.69999999925494","0","-1",""
"72","http://localhost:8080/","2024-12-8","10:30:47","809","5822","972.4999999981374","74.29999999888241","9.799999998882413","0","74.29999999888241","0","-1",""
"73","http://localhost:8080/","2024-12-8","10:30:53","1089","6102","1807.8000000026077","78","8.800000000745058","0","78","0","-1",""
"74","http://localhost:8080/","2024-12-8","10:31:00","937","5950","1355.7999999970198","79.09999999962747","6.399999998509884","0","79.09999999962747","0","-1",""
"75","http://localhost:8080/","2024-12-8","10:31:06","923","5936","1313.699999999255","79.90000000037253","10.099999999627471","0","79.90000000037253","0","-1",""
"76","http://localhost:8080/","2024-12-8","10:31:13","754","5762","809.6999999992549","70.79999999888241","8.399999998509884","0","70.79999999888241","0","-1",""
"77","http://localhost:8080/","2024-12-8","10:31:19","781","5794","885.1999999992549","78.59999999962747","9.699999999254942","0","78.59999999962747","0","-1",""
"78","http://localhost:8080/","2024-12-8","10:31:26","740","5753","760","69.59999999962747","7.599999999627471","0","69.59999999962747","0","-1",""
"79","http://localhost:8080/","2024-12-8","10:31:32","760","5771","816.3999999985099","80","10","0","80","0","-1",""
"80","http://localhost:8080/","2024-12-8","10:31:39","979","5992","1480.800000000745","69","5.800000000745058","0","69","0","-1",""
"81","http://localhost:8080/","2024-12-8","10:31:45","1083","6096","1800.0999999977648","69.09999999962747","10.199999999254942","0","69.09999999962747","0","-1",""
"82","http://localhost:8080/","2024-12-8","10:31:52","769","5783","848.8999999985099","75.40000000037253","7","0","75.40000000037253","0","-1",""
"83","http://localhost:8080/","2024-12-8","10:31:58","868","5880","1151.8000000026077","68.30000000074506","10.700000001117587","0","68.30000000074506","0","-1",""
"84","http://localhost:8080/","2024-12-8","10:32:05","900","5913","1239.2000000029802","71.60000000149012","7.600000001490116","0","71.60000000149012","0","-1",""
"85","http://localhost:8080/","2024-12-8","10:32:11","885","5900","1201.6000000033528","76.30000000074506","9.100000001490116","0","76.30000000074506","0","-1",""
"86","http://localhost:8080/","2024-12-8","10:32:18","765","5773","849.6000000014901","68.80000000074506","8.400000000372529","0","68.80000000074506","0","-1",""
"87","http://localhost:8080/","2024-12-8","10:32:24","900","5913","1232.6000000033528","76.09999999962747","6.700000001117587","0","76.09999999962747","0","-1",""
"88","http://localhost:8080/","2024-12-8","10:32:31","956","5969","1418.5","67","5.099999999627471","0","67","0","-1",""
"89","http://localhost:8080/","2024-12-8","10:32:37","961","5974","1436.7000000011176","71.40000000037253","6.400000000372529","0","71.40000000037253","0","-1",""
"90","http://localhost:8080/","2024-12-8","10:32:44","1135","6149","1946.7999999970198","66.09999999962747","5.399999998509884","0","66.09999999962747","0","-1",""
"91","http://localhost:8080/","2024-12-8","10:32:51","874","5887","1170.4999999962747","74","6.199999999254942","0","74","0","-1",""
"92","http://localhost:8080/","2024-12-8","10:32:57","938","5951","1351.8999999966472","67.29999999888241","8","0","67.29999999888241","0","-1",""
"93","http://localhost:8080/","2024-12-8","10:33:04","929","5944","1330.800000000745","69.40000000037253","7.300000000745058","0","69.40000000037253","0","-1",""
"94","http://localhost:8080/","2024-12-8","10:33:11","842","5856","1060.7000000011176","78","5.400000000372529","0","78","0","-1",""
"95","http://localhost:8080/","2024-12-8","10:33:17","843","5855","1074.300000000745","75.09999999962747","6.400000000372529","0","75.09999999962747","0","-1",""
"96","http://localhost:8080/","2024-12-8","10:33:24","784","5796","890.6999999973923","71.89999999850988","5.699999999254942","0","71.89999999850988","0","-1",""
"97","http://localhost:8080/","2024-12-8","10:33:30","969","5983","1451.0999999977648","84","8.799999998882413","0","84","0","-1",""
"98","http://localhost:8080/","2024-12-8","10:33:37","871","5883","1156.6999999973923","69.69999999925494","7.699999999254942","0","69.69999999925494","0","-1",""
"99","http://localhost:8080/","2024-12-8","10:33:43","855","5870","1109.4000000022352","69.60000000149012","6","0","69.60000000149012","0","-1",""
"100","http://localhost:8080/","2024-12-8","10:33:50","840","5854","1058.9000000003725","68.80000000074506","6.5","0","68.80000000074506","0","-1",""
"101","http://localhost:8080/","2024-12-8","10:33:56","1055","6069","1708.4000000003725","69.59999999962747","7.200000001117587","0","69.59999999962747","0","-1",""
"102","http://localhost:8080/","2024-12-8","10:34:03","1012","6022","1581.8999999966472","78.59999999962747","6","0","78.59999999962747","0","-1",""
"103","http://localhost:8080/","2024-12-8","10:34:10","821","5835","1004.6999999973923","68.29999999888241","5.699999999254942","0","68.29999999888241","0","-1",""
"104","http://localhost:8080/","2024-12-8","10:34:16","999","6014","1546.699999999255","66.40000000037253","5.400000000372529","0","66.40000000037253","0","-1",""
"105","http://localhost:8080/","2024-12-8","10:34:23","767","5780","853.1000000014901","78.30000000074506","6.200000001117587","0","78.30000000074506","0","-1",""
"106","http://localhost:8080/","2024-12-8","10:34:29","761","5774","824.8000000026077","66.5","6.300000000745058","0","66.5","0","-1",""
"107","http://localhost:8080/","2024-12-8","10:34:35","935","5948","1360.2000000011176","79.09999999962747","7.299999998882413","0","79.09999999962747","0","-1",""
"108","http://localhost:8080/","2024-12-8","10:34:42","820","5835","987.2999999988824","70.39999999850988","7.199999999254942","0","70.39999999850988","0","-1",""
"109","http://localhost:8080/","2024-12-8","10:34:49","908","5921","1262.6999999973923","69.39999999850988","7.5","0","69.39999999850988","0","-1",""
"110","http://localhost:8080/","2024-12-8","10:34:55","784","5795","908.9000000003725","86.90000000037253","15.200000001117587","0","86.90000000037253","0","-1",""
"111","http://localhost:8080/","2024-12-8","10:35:02","899","5912","1252.2000000011176","68.5","5.200000001117587","0","68.5","0","-1",""
"112","http://localhost:8080/","2024-12-8","10:35:08","1015","6029","1596.9999999962747","67.79999999888241","6.5","0","67.79999999888241","0","-1",""
"113","http://localhost:8080/","2024-12-8","10:35:15","784","5797","907.9000000022352","78.30000000074506","6.200000001117587","0","78.30000000074506","0","-1",""
"114","http://localhost:8080/","2024-12-8","10:35:21","965","5979","1437.7000000011176","80","5.700000001117587","0","80","0","-1",""
"115","http://localhost:8080/","2024-12-8","10:35:28","1242","6255","2266.3999999966472","72.79999999888241","6.099999999627471","0","72.79999999888241","0","-1",""
"116","http://localhost:8080/","2024-12-8","10:35:35","904","5916","1257.9000000022352","70.10000000149012","5.400000000372529","0","70.10000000149012","0","-1",""
"117","http://localhost:8080/","2024-12-8","10:35:41","916","5928","1294.2999999988824","65.5","5.699999999254942","0","65.5","0","-1",""
"118","http://localhost:8080/","2024-12-8","10:35:48","1015","6023","1593.7999999988824","74.90000000037253","6.5","0","74.90000000037253","0","-1",""
"119","http://localhost:8080/","2024-12-8","10:35:54","990","6004","1507.2000000029802","84.09999999962747","7.800000000745058","0","84.09999999962747","0","-1",""
"120","http://localhost:8080/","2024-12-8","10:36:01","927","5941","1310.2999999970198","77.59999999962747","7.899999998509884","0","77.59999999962747","0","-1",""
"121","http://localhost:8080/","2024-12-8","10:36:08","810","5824","981.8999999985099","71.40000000037253","6","0","71.40000000037253","0","-1",""
"122","http://localhost:8080/","2024-12-8","10:36:14","1168","6182","2057.5","78.19999999925494","5.5","0","78.19999999925494","0","-1",""
"123","http://localhost:8080/","2024-12-8","10:36:21","914","5926","1285.3999999985099","70.59999999962747","5.599999999627471","0","70.59999999962747","0","-1",""
"124","http://localhost:8080/","2024-12-8","10:36:28","918","5930","1285.4999999981374","68.69999999925494","5.799999998882413","0","68.69999999925494","0","-1",""
"125","http://localhost:8080/","2024-12-8","10:36:34","889","5904","1210.699999999255","79.30000000074506","6.5","0","79.30000000074506","0","-1",""
"126","http://localhost:8080/","2024-12-8","10:36:41","934","5948","1328.199999999255","67.29999999888241","8.099999999627471","0","67.29999999888241","0","-1",""
"127","http://localhost:8080/","2024-12-8","10:36:47","811","5823","985.8999999985099","71","5.199999999254942","0","71","0","-1",""
"128","http://localhost:8080/","2024-12-8","10:36:54","737","5751","753.2999999970198","68.69999999925494","8.199999999254942","0","68.69999999925494","0","-1",""
"129","http://localhost:8080/","2024-12-8","10:37:00","1123","6136","1905.7999999988824","76.79999999888241","7","0","76.79999999888241","0","-1",""
"130","http://localhost:8080/","2024-12-8","10:37:07","984","5996","1479.5","68.10000000149012","6","0","68.10000000149012","0","-1",""
"131","http://localhost:8080/","2024-12-8","10:37:14","779","5793","866.4999999981374","72.09999999962747","5.900000000372529","0","72.09999999962747","0","-1",""
"132","http://localhost:8080/","2024-12-8","10:37:20","953","5967","1415.5999999977648","72.40000000037253","5.599999999627471","0","72.40000000037253","0","-1",""
"133","http://localhost:8080/","2024-12-8","10:37:27","1120","6132","1892","71.30000000074506","6.900000000372529","0","71.30000000074506","0","-1",""
"134","http://localhost:8080/","2024-12-8","10:37:33","810","5820","967.4000000022352","63.600000001490116","5.800000000745058","0","63.600000001490116","0","-1",""
"135","http://localhost:8080/","2024-12-8","10:37:40","836","5850","1049.300000000745","66.30000000074506","6.700000001117587","0","66.30000000074506","0","-1",""
"136","http://localhost:8080/","2024-12-8","10:37:46","727","5740","713.7000000011176","62","4.699999999254942","0","62","0","-1",""
"137","http://localhost:8080/","2024-12-8","10:37:53","838","5852","1051.9000000022352","66.70000000111759","5.5","0","66.70000000111759","0","-1",""
"138","http://localhost:8080/","2024-12-8","10:37:59","887","5900","1204.9000000003725","69","6.599999999627471","0","69","0","-1",""
"139","http://localhost:8080/","2024-12-8","10:38:06","943","5956","1374.9000000003725","75.40000000037253","5.099999999627471","0","75.40000000037253","0","-1",""
"140","http://localhost:8080/","2024-12-8","10:38:12","818","5831","992.0000000018626","71.70000000111759","5.900000000372529","0","71.70000000111759","0","-1",""
"141","http://localhost:8080/","2024-12-8","10:38:19","807","5819","960.4000000003725","70.09999999962747","7.300000000745058","0","70.09999999962747","0","-1",""
"142","http://localhost:8080/","2024-12-8","10:38:25","1081","6091","1779.4000000022352","67.40000000037253","7.099999999627471","0","67.40000000037253","0","-1",""
"143","http://localhost:8080/","2024-12-8","10:38:32","853","5865","1091.8000000026077","70.70000000111759","6.100000001490116","0","70.70000000111759","0","-1",""
"144","http://localhost:8080/","2024-12-8","10:38:38","1142","6153","1984.199999999255","70.5","5.400000000372529","0","70.5","0","-1",""
"145","http://localhost:8080/","2024-12-8","10:38:45","785","5798","882.9999999981374","67.79999999888241","5.399999998509884","0","67.79999999888241","0","-1",""
"146","http://localhost:8080/","2024-12-8","10:38:52","914","5924","1295.5999999977648","74.09999999962747","9.599999999627471","0","74.09999999962747","0","-1",""
"147","http://localhost:8080/","2024-12-8","10:38:58","940","5949","1364.0000000037253","71.30000000074506","5.800000000745058","0","71.30000000074506","0","-1",""
"148","http://localhost:8080/","2024-12-8","10:39:05","921","5934","1293.699999999255","72.39999999850988","6.5","0","72.39999999850988","0","-1",""
"149","http://localhost:8080/","2024-12-8","10:39:11","889","5902","1217.0000000037253","64.70000000111759","5.300000000745058","0","64.70000000111759","0","-1",""
"150","http://localhost:8080/","2024-12-8","10:39:18","808","5821","970.4999999981374","66.09999999962747","8.399999998509884","0","66.09999999962747","0","-1",""
"151","http://localhost:8080/","2024-12-8","10:39:24","900","5912","1239.8999999985099","63.40000000037253","4.599999999627471","0","63.40000000037253","0","-1",""
"152","http://localhost:8080/","2024-12-8","10:39:31","816","5828","987.2000000011176","69.29999999888241","4.799999998882413","0","69.29999999888241","0","-1",""
"153","http://localhost:8080/","2024-12-8","10:39:37","1120","6132","1914.7000000011176","72.30000000074506","7","0","72.30000000074506","0","-1",""
"154","http://localhost:8080/","2024-12-8","10:39:44","859","5872","1112.2000000011176","69.30000000074506","6.900000000372529","0","69.30000000074506","0","-1",""
"155","http://localhost:8080/","2024-12-8","10:39:51","860","5871","1107.9999999981374","77.59999999962747","7.199999999254942","0","77.59999999962747","0","-1",""
"156","http://localhost:8080/","2024-12-8","10:39:57","841","5855","1070","66","5","0","66","0","-1",""
"157","http://localhost:8080/","2024-12-8","10:40:04","913","5925","1270.0999999959022","63.19999999925494","5","0","63.19999999925494","0","-1",""
"158","http://localhost:8080/","2024-12-8","10:40:10","837","5850","1054.3000000026077","68.60000000149012","5.5","0","68.60000000149012","0","-1",""
"159","http://localhost:8080/","2024-12-8","10:40:17","969","5982","1445.5","65.90000000037253","5.5","0","65.90000000037253","0","-1",""
"160","http://localhost:8080/","2024-12-8","10:40:23","913","5926","1269.1000000014901","71.5","6.5","0","71.5","0","-1",""
"161","http://localhost:8080/","2024-12-8","10:40:30","790","5802","859.6999999992549","79.40000000037253","7.299999998882413","0","79.40000000037253","0","-1",""
"162","http://localhost:8080/","2024-12-8","10:40:36","771","5784","864.2000000029802","72.20000000111759","4.200000001117587","0","72.20000000111759","0","-1",""
"163","http://localhost:8080/","2024-12-8","10:40:43","958","5972","1410.3999999985099","69.40000000037253","7.699999999254942","0","69.40000000037253","0","-1",""
"164","http://localhost:8080/","2024-12-8","10:40:49","1071","6085","1761.699999999255","71.5","5.400000000372529","0","71.5","0","-1",""
"165","http://localhost:8080/","2024-12-8","10:40:56","918","5932","1288.1999999973923","77.90000000037253","6","0","77.90000000037253","0","-1",""
"166","http://localhost:8080/","2024-12-8","10:41:03","813","5826","991.0999999996275","64.59999999962747","5.199999999254942","0","64.59999999962747","0","-1",""
"167","http://localhost:8080/","2024-12-8","10:41:09","918","5931","1303.5000000018626","68.90000000037253","5.5","0","68.90000000037253","0","-1",""
"168","http://localhost:8080/","2024-12-8","10:41:16","990","6004","1508.5999999977648","69.09999999962747","6.400000000372529","0","69.09999999962747","0","-1",""
"169","http://localhost:8080/","2024-12-8","10:41:22","968","5981","1442.0999999996275","79.80000000074506","5.400000000372529","0","79.80000000074506","0","-1",""
"170","http://localhost:8080/","2024-12-8","10:41:29","841","5855","1067.3999999966472","72.59999999962747","6.199999999254942","0","72.59999999962747","0","-1",""
"171","http://localhost:8080/","2024-12-8","10:41:35","813","5827","989.4000000022352","72.20000000111759","5.200000001117587","0","72.20000000111759","0","-1",""
"172","http://localhost:8080/","2024-12-8","10:41:42","847","5859","1090.0000000018626","64","5.200000001117587","0","64","0","-1",""
"173","http://localhost:8080/","2024-12-8","10:41:48","954","5961","1389.4000000022352","79.5","7.600000001490116","0","79.5","0","-1",""
"174","http://localhost:8080/","2024-12-8","10:41:55","944","5958","1374.699999999255","83.90000000037253","6.5","0","83.90000000037253","0","-1",""
"175","http://localhost:8080/","2024-12-8","10:42:01","1166","6179","2034.0999999996275","69.40000000037253","7.400000000372529","0","69.40000000037253","0","-1",""
"176","http://localhost:8080/","2024-12-8","10:42:08","1076","6082","1774.4000000022352","67","6.800000000745058","0","67","0","-1",""
"177","http://localhost:8080/","2024-12-8","10:42:15","914","5926","1218.2999999988824","72.40000000037253","5.099999999627471","0","72.40000000037253","0","-1",""
"178","http://localhost:8080/","2024-12-8","10:42:22","1087","6099","1785.6000000033528","68.30000000074506","6","0","68.30000000074506","0","-1",""
"179","http://localhost:8080/","2024-12-8","10:42:28","993","6001","1530.8000000026077","69.30000000074506","5.400000000372529","0","69.30000000074506","0","-1",""
"180","http://localhost:8080/","2024-12-8","10:42:35","850","5863","1075.0999999996275","66.5","4.900000000372529","0","66.5","0","-1",""
"181","http://localhost:8080/","2024-12-8","10:42:41","1014","6026","1579","76.10000000149012","5.800000000745058","0","76.10000000149012","0","-1",""
"182","http://localhost:8080/","2024-12-8","10:42:48","954","5966","1407.9999999981374","70.29999999888241","5.799999998882413","0","70.29999999888241","0","-1",""
"183","http://localhost:8080/","2024-12-8","10:42:55","787","5801","903.8000000026077","76.40000000037253","11.5","0","76.40000000037253","0","-1",""
"184","http://localhost:8080/","2024-12-8","10:43:01","950","5960","1398.5999999996275","75.5","6.699999999254942","0","75.5","0","-1",""
"185","http://localhost:8080/","2024-12-8","10:43:08","903","5916","1250.800000000745","67.59999999962747","5.299999998882413","0","67.59999999962747","0","-1",""
"186","http://localhost:8080/","2024-12-8","10:43:14","883","5896","1188.5999999996275","62.79999999888241","4.699999999254942","0","62.79999999888241","0","-1",""
"187","http://localhost:8080/","2024-12-8","10:43:21","988","6000","1505.4000000003725","68.90000000037253","7.099999999627471","0","68.90000000037253","0","-1",""
"188","http://localhost:8080/","2024-12-8","10:43:28","1043","6054","1683.2000000029802","70","5.400000000372529","0","70","0","-1",""
"189","http://localhost:8080/","2024-12-8","10:43:34","847","5859","1088.2999999970198","71.69999999925494","8.199999999254942","0","71.69999999925494","0","-1",""
"190","http://localhost:8080/","2024-12-8","10:43:41","964","5973","1435","79.19999999925494","4.599999999627471","0","79.19999999925494","0","-1",""
"191","http://localhost:8080/","2024-12-8","10:43:47","886","5898","1196.699999999255","80.59999999962747","4.900000000372529","0","80.59999999962747","0","-1",""
"192","http://localhost:8080/","2024-12-8","10:43:54","984","5994","1481.9000000003725","68.5","6.5","0","68.5","0","-1",""
"193","http://localhost:8080/","2024-12-8","10:44:01","960","5972","1417.7999999988824","64","4.199999999254942","0","64","0","-1",""
"194","http://localhost:8080/","2024-12-8","10:44:07","885","5896","1207.0000000018626","69.70000000111759","5.800000000745058","0","69.70000000111759","0","-1",""
"195","http://localhost:8080/","2024-12-8","10:44:14","801","5806","949.8999999966472","67.59999999962747","5.599999999627471","0","67.59999999962747","0","-1",""
"196","http://localhost:8080/","2024-12-8","10:44:20","859","5871","1110.5999999977648","69.90000000037253","5","0","69.90000000037253","0","-1",""
"197","http://localhost:8080/","2024-12-8","10:44:27","870","5884","1174.699999999255","75.5","6","0","75.5","0","-1",""
"198","http://localhost:8080/","2024-12-8","10:44:33","987","6000","1503.8999999966472","68.19999999925494","5.400000000372529","0","68.19999999925494","0","-1",""
"199","http://localhost:8080/","2024-12-8","10:44:40","901","5912","1251.7999999988824","77.5","6.199999999254942","0","77.5","0","-1",""
"200","http://localhost:8080/","2024-12-8","10:44:46","1000","6011","1529.4000000003725","68","5.600000001490116","0","68","0","-1",""
"201","http://localhost:8080/","2024-12-8","10:44:53","891","5903","1225.2000000011176","67.40000000037253","4.900000000372529","0","67.40000000037253","0","-1",""
"202","http://localhost:8080/","2024-12-8","10:45:00","909","5922","1257.6999999973923","77.29999999888241","8.299999998882413","0","77.29999999888241","0","-1",""
"203","http://localhost:8080/","2024-12-8","10:45:06","907","5920","1261.1000000033528","79","6.5","0","79","0","-1",""
"204","http://localhost:8080/","2024-12-8","10:45:13","993","6006","1525.9000000003725","67.5","5.5","0","67.5","0","-1",""
"205","http://localhost:8080/","2024-12-8","10:45:19","1017","6031","1598.7999999988824","75.90000000037253","4.900000000372529","0","75.90000000037253","0","-1",""
"206","http://localhost:8080/","2024-12-8","10:45:26","795","5809","919.4000000022352","71.5","4.700000001117587","0","71.5","0","-1",""
"207","http://localhost:8080/","2024-12-8","10:45:32","1113","6125","1887.5000000037253","62.70000000111759","4.300000000745058","0","62.70000000111759","0","-1",""
"208","http://localhost:8080/","2024-12-8","10:45:39","977","5989","1460.7000000011176","70.40000000037253","7","0","70.40000000037253","0","-1",""
"209","http://localhost:8080/","2024-12-8","10:45:46","936","5949","1351.3999999985099","75.79999999888241","4.699999999254942","0","75.79999999888241","0","-1",""
"210","http://localhost:8080/","2024-12-8","10:45:52","1034","6049","1631.6000000014901","68.5","5.200000001117587","0","68.5","0","-1",""
"211","http://localhost:8080/","2024-12-8","10:45:59","754","5768","801.9000000003725","67","5.699999999254942","0","67","0","-1",""
"212","http://localhost:8080/","2024-12-8","10:46:05","846","5859","1082.2000000029802","78.10000000149012","5","0","78.10000000149012","0","-1",""
"213","http://localhost:8080/","2024-12-8","10:46:12","806","5819","963.7000000011176","71.90000000037253","6.699999999254942","0","71.90000000037253","0","-1",""
"214","http://localhost:8080/","2024-12-8","10:46:18","1068","6074","1730.1000000014901","76.30000000074506","6.200000001117587","0","76.30000000074506","0","-1",""
"215","http://localhost:8080/","2024-12-8","10:46:25","1018","6031","1609.7000000029802","70.60000000149012","4.700000001117587","0","70.60000000149012","0","-1",""
"216","http://localhost:8080/","2024-12-8","10:46:32","1002","6013","1541.5999999977648","66.69999999925494","5.099999999627471","0","66.69999999925494","0","-1",""
"217","http://localhost:8080/","2024-12-8","10:46:38","809","5822","979.5","68.80000000074506","6.099999999627471","0","68.80000000074506","0","-1",""
"218","http://localhost:8080/","2024-12-8","10:46:45","888","5900","1208.2000000029802","69.60000000149012","4.200000001117587","0","69.60000000149012","0","-1",""
"219","http://localhost:8080/","2024-12-8","10:46:51","1209","6220","2172","66.40000000037253","6","0","66.40000000037253","0","-1",""
"220","http://localhost:8080/","2024-12-8","10:46:58","1105","6117","1856.6000000014901","86.09999999962747","7.099999999627471","0","86.09999999962747","0","-1",""
"221","http://localhost:8080/","2024-12-8","10:47:05","991","6004","1528.5","76.79999999888241","6.299999998882413","0","76.79999999888241","0","-1",""
"222","http://localhost:8080/","2024-12-8","10:47:12","807","5819","960.6000000014901","62.20000000111759","4.800000000745058","0","62.20000000111759","0","-1",""
"223","http://localhost:8080/","2024-12-8","10:47:18","869","5882","1148.300000000745","66","4.900000000372529","0","66","0","-1",""
"224","http://localhost:8080/","2024-12-8","10:47:25","1012","6023","1579.5999999996275","76.80000000074506","5.599999999627471","0","76.80000000074506","0","-1",""
"225","http://localhost:8080/","2024-12-8","10:47:31","1174","6187","2078.2000000029802","68.40000000037253","6.100000001490116","0","68.40000000037253","0","-1",""
"226","http://localhost:8080/","2024-12-8","10:47:38","895","5908","1209.8999999985099","68.90000000037253","5.800000000745058","0","68.90000000037253","0","-1",""
"227","http://localhost:8080/","2024-12-8","10:47:45","1011","6023","1575","67.30000000074506","5.300000000745058","0","67.30000000074506","0","-1",""
"228","http://localhost:8080/","2024-12-8","10:47:51","843","5856","1081.9000000003725","69.59999999962747","7.800000000745058","0","69.59999999962747","0","-1",""
"229","http://localhost:8080/","2024-12-8","10:47:58","902","5916","1251.4000000003725","75.90000000037253","9.5","0","75.90000000037253","0","-1",""
"230","http://localhost:8080/","2024-12-8","10:48:04","900","5914","1238.0999999977648","71.09999999962747","6.199999999254942","0","71.09999999962747","0","-1",""
"231","http://localhost:8080/","2024-12-8","10:48:11","820","5831","988.9999999962747","79.59999999962747","5.299999998882413","0","79.59999999962747","0","-1",""
"232","http://localhost:8080/","2024-12-8","10:48:17","923","5936","1311.9000000022352","62.90000000037253","5.400000000372529","0","62.90000000037253","0","-1",""
"233","http://localhost:8080/","2024-12-8","10:48:24","923","5936","1298.0000000037253","65.70000000111759","7.600000001490116","0","65.70000000111759","0","-1",""
"234","http://localhost:8080/","2024-12-8","10:48:31","961","5974","1416.5","70.69999999925494","5.099999999627471","0","70.69999999925494","0","-1",""
"235","http://localhost:8080/","2024-12-8","10:48:37","930","5943","1331.5000000018626","69.40000000037253","4.400000000372529","0","69.40000000037253","0","-1",""
"236","http://localhost:8080/","2024-12-8","10:48:44","885","5891","1211.4000000003725","71.20000000111759","5.800000000745058","0","71.20000000111759","0","-1",""
"237","http://localhost:8080/","2024-12-8","10:48:50","945","5955","1377.7000000011176","68.30000000074506","6.099999999627471","0","68.30000000074506","0","-1",""
"238","http://localhost:8080/","2024-12-8","10:48:57","964","5976","1435.0999999977648","78.30000000074506","4","0","78.30000000074506","0","-1",""
"239","http://localhost:8080/","2024-12-8","10:49:04","958","5971","1426.5","67.90000000037253","4.699999999254942","0","67.90000000037253","0","-1",""
"240","http://localhost:8080/","2024-12-8","10:49:10","819","5830","1005.2000000011176","69.30000000074506","6","0","69.30000000074506","0","-1",""
"241","http://localhost:8080/","2024-12-8","10:49:17","1071","6083","1765.199999999255","72.5","5.899999998509884","0","72.5","0","-1",""
"242","http://localhost:8080/","2024-12-8","10:49:23","832","5846","1053.8999999966472","68.69999999925494","7","0","68.69999999925494","0","-1",""
"243","http://localhost:8080/","2024-12-8","10:49:30","915","5928","1286.6000000014901","62.69999999925494","4.400000000372529","0","62.69999999925494","0","-1",""
"244","http://localhost:8080/","2024-12-8","10:49:36","929","5942","1337.9000000003725","63.40000000037253","5.600000001490116","0","63.40000000037253","0","-1",""
"245","http://localhost:8080/","2024-12-8","10:49:43","893","5903","1206.8999999966472","68.59999999962747","6.799999998882413","0","68.59999999962747","0","-1",""
"246","http://localhost:8080/","2024-12-8","10:49:49","784","5798","892.5999999996275","72.69999999925494","4.199999999254942","0","72.69999999925494","0","-1",""
"247","http://localhost:8080/","2024-12-8","10:49:56","931","5945","1338","80.09999999962747","6.199999999254942","0","80.09999999962747","0","-1",""
"248","http://localhost:8080/","2024-12-8","10:50:02","1058","6071","1721","65.90000000037253","4.5","0","65.90000000037253","0","-1",""
"249","http://localhost:8080/","2024-12-8","10:50:09","838","5850","1061.800000000745","79.5","5.800000000745058","0","79.5","0","-1",""
"250","http://localhost:8080/","2024-12-8","10:50:16","969","5983","1451.7999999970198","67.69999999925494","5.399999998509884","0","67.69999999925494","0","-1",""
"251","http://localhost:8080/","2024-12-8","10:50:22","843","5854","1075","67.5","4.400000000372529","0","67.5","0","-1",""
"252","http://localhost:8080/","2024-12-8","10:50:29","795","5809","919.0999999996275","72.5","5.199999999254942","0","72.5","0","-1",""
"253","http://localhost:8080/","2024-12-8","10:50:35","804","5815","938.5","70.59999999962747","4","0","70.59999999962747","0","-1",""
"254","http://localhost:8080/","2024-12-8","10:50:42","930","5940","1332.5999999959022","77.89999999850988","5.599999999627471","0","77.89999999850988","0","-1",""
"255","http://localhost:8080/","2024-12-8","10:50:48","961","5974","1371.300000000745","66.40000000037253","5","0","66.40000000037253","0","-1",""
"256","http://localhost:8080/","2024-12-8","10:50:55","1004","6017","1562.300000000745","71.60000000149012","6.400000000372529","0","71.60000000149012","0","-1",""
"257","http://localhost:8080/","2024-12-8","10:51:02","894","5907","1233.2999999988824","78.5","6.200000001117587","0","78.5","0","-1",""
"258","http://localhost:8080/","2024-12-8","10:51:08","936","5947","1334.3999999985099","77.59999999962747","5.900000000372529","0","77.59999999962747","0","-1",""
"259","http://localhost:8080/","2024-12-8","10:51:15","802","5814","934.2999999970198","77.69999999925494","5","0","77.69999999925494","0","-1",""
"260","http://localhost:8080/","2024-12-8","10:51:21","810","5823","978.9000000003725","69.80000000074506","4.599999999627471","0","69.80000000074506","0","-1",""
"261","http://localhost:8080/","2024-12-8","10:51:28","983","5994","1482.3000000044703","68.70000000111759","7","0","68.70000000111759","0","-1",""
"262","http://localhost:8080/","2024-12-8","10:51:34","1044","6058","1667.6000000014901","71.70000000111759","5.599999999627471","0","71.70000000111759","0","-1",""
"263","http://localhost:8080/","2024-12-8","10:51:41","985","5994","1440.2000000011176","80.10000000149012","5.300000000745058","0","80.10000000149012","0","-1",""
"264","http://localhost:8080/","2024-12-8","10:51:48","1002","6013","1553.5000000018626","68.40000000037253","5.700000001117587","0","68.40000000037253","0","-1",""
"265","http://localhost:8080/","2024-12-8","10:51:54","848","5856","1086.7000000029802","71.20000000111759","5.700000001117587","0","71.20000000111759","0","-1",""
"266","http://localhost:8080/","2024-12-8","10:52:01","793","5805","916.3000000007451","63.5","5","0","63.5","0","-1",""
"267","http://localhost:8080/","2024-12-8","10:52:07","949","5961","1388.0999999996275","69.5","4.799999998882413","0","69.5","0","-1",""
"268","http://localhost:8080/","2024-12-8","10:52:14","809","5821","974.2000000011176","67.19999999925494","4.699999999254942","0","67.19999999925494","0","-1",""
"269","http://localhost:8080/","2024-12-8","10:52:20","902","5914","1250.800000000745","76","4.900000000372529","0","76","0","-1",""
"270","http://localhost:8080/","2024-12-8","10:52:27","850","5862","1096.1999999973923","66.59999999962747","5.5","0","66.59999999962747","0","-1",""
"271","http://localhost:8080/","2024-12-8","10:52:33","745","5758","785.8999999985099","79.40000000037253","4.900000000372529","0","79.40000000037253","0","-1",""
"272","http://localhost:8080/","2024-12-8","10:52:40","844","5857","1083.1000000014901","61.90000000037253","4.699999999254942","0","61.90000000037253","0","-1",""
"273","http://localhost:8080/","2024-12-8","10:52:46","981","5994","1486.6999999973923","70.79999999888241","5.5","0","70.79999999888241","0","-1",""
"274","http://localhost:8080/","2024-12-8","10:52:53","850","5864","1089.5","62.70000000111759","4.5","0","62.70000000111759","0","-1",""
"275","http://localhost:8080/","2024-12-8","10:52:59","989","6002","1521.4000000022352","66.20000000111759","4.400000000372529","0","66.20000000111759","0","-1",""
"276","http://localhost:8080/","2024-12-8","10:53:06","741","5756","755.4999999981374","66.39999999850988","4.899999998509884","0","66.39999999850988","0","-1",""
"277","http://localhost:8080/","2024-12-8","10:53:12","1050","6062","1698.1999999973923","66.79999999888241","7.799999998882413","0","66.79999999888241","0","-1",""
"278","http://localhost:8080/","2024-12-8","10:53:19","1119","6128","1908","70.09999999962747","4.900000000372529","0","70.09999999962747","0","-1",""
"279","http://localhost:8080/","2024-12-8","10:53:26","937","5950","1346.7000000011176","65.09999999962747","4","0","65.09999999962747","0","-1",""
"280","http://localhost:8080/","2024-12-8","10:53:32","822","5835","1002.2999999970198","66.69999999925494","6.099999999627471","0","66.69999999925494","0","-1",""
"281","http://localhost:8080/","2024-12-8","10:53:39","849","5862","1102.7999999988824","76.69999999925494","5.300000000745058","0","76.69999999925494","0","-1",""
"282","http://localhost:8080/","2024-12-8","10:53:45","984","5997","1479.1999999973923","66.29999999888241","5.099999999627471","0","66.29999999888241","0","-1",""
"283","http://localhost:8080/","2024-12-8","10:53:52","1043","6055","1677.9999999962747","68.39999999850988","5.599999999627471","0","68.39999999850988","0","-1",""
"284","http://localhost:8080/","2024-12-8","10:53:59","786","5799","904.4000000003725","77.19999999925494","4.900000000372529","0","77.19999999925494","0","-1",""
"285","http://localhost:8080/","2024-12-8","10:54:05","894","5909","1217.1000000033528","62.70000000111759","4.300000000745058","0","62.70000000111759","0","-1",""
"286","http://localhost:8080/","2024-12-8","10:54:12","834","5847","1034.4999999981374","68.29999999888241","4.799999998882413","0","68.29999999888241","0","-1",""
"287","http://localhost:8080/","2024-12-8","10:54:18","1044","6057","1660.4000000022352","69.69999999925494","4.5","0","69.69999999925494","0","-1",""
"288","http://localhost:8080/","2024-12-8","10:54:25","877","5889","1164.1000000014901","71.30000000074506","4.800000000745058","0","71.30000000074506","0","-1",""
"289","http://localhost:8080/","2024-12-8","10:54:31","804","5818","955.1999999973923","69.09999999962747","5.799999998882413","0","69.09999999962747","0","-1",""
"290","http://localhost:8080/","2024-12-8","10:54:38","934","5946","1333.699999999255","68.80000000074506","5.200000001117587","0","68.80000000074506","0","-1",""
"291","http://localhost:8080/","2024-12-8","10:54:44","966","5979","1456.0999999996275","69.40000000037253","4.400000000372529","0","69.40000000037253","0","-1",""
"292","http://localhost:8080/","2024-12-8","10:54:51","739","5751","761.7999999970198","78.90000000037253","4.900000000372529","0","78.90000000037253","0","-1",""
"293","http://localhost:8080/","2024-12-8","10:54:57","824","5838","1006.9000000003725","68.40000000037253","5.799999998882413","0","68.40000000037253","0","-1",""
"294","http://localhost:8080/","2024-12-8","10:55:04","978","5991","1462.2999999988824","70.5","5.5","0","70.5","0","-1",""
"295","http://localhost:8080/","2024-12-8","10:55:10","913","5927","1286.6000000014901","73.30000000074506","4.700000001117587","0","73.30000000074506","0","-1",""
"296","http://localhost:8080/","2024-12-8","10:55:17","917","5929","1297.5999999977648","66.79999999888241","5.399999998509884","0","66.79999999888241","0","-1",""
"297","http://localhost:8080/","2024-12-8","10:55:24","890","5902","1215.2000000029802","64.20000000111759","4.100000001490116","0","64.20000000111759","0","-1",""
"298","http://localhost:8080/","2024-12-8","10:55:30","983","5995","1492.1999999973923","64.19999999925494","4.5","0","64.19999999925494","0","-1",""
"299","http://localhost:8080/","2024-12-8","10:55:37","1037","6050","1655.2000000011176","68.70000000111759","6.400000000372529","0","68.70000000111759","0","-1",""
"300","http://localhost:8080/","2024-12-8","10:55:43","1005","6018","1559.8000000026077","78.70000000111759","5.400000000372529","0","78.70000000111759","0","-1",""
"301","http://localhost:8080/","2024-12-8","10:55:50","763","5774","818.1999999992549","63.29999999888241","3.799999998882413","0","63.29999999888241","0","-1",""
"302","http://localhost:8080/","2024-12-8","10:55:57","1036","6047","1651.2999999988824","67.5","4","0","67.5","0","-1",""
"303","http://localhost:8080/","2024-12-8","10:56:03","931","5944","1336.699999999255","70.69999999925494","5.099999999627471","0","70.69999999925494","0","-1",""
"304","http://localhost:8080/","2024-12-8","10:56:10","997","6009","1526.0000000018626","66","4.900000000372529","0","66","0","-1",""
"305","http://localhost:8080/","2024-12-8","10:56:16","984","5996","1506","69.5","7","0","69.5","0","-1",""
"306","http://localhost:8080/","2024-12-8","10:56:23","1098","6108","1833.4000000003725","68.90000000037253","5.799999998882413","0","68.90000000037253","0","-1",""
"307","http://localhost:8080/","2024-12-8","10:56:30","901","5914","1253.6999999955297","68.5","5.899999998509884","0","68.5","0","-1",""
"308","http://localhost:8080/","2024-12-8","10:56:36","896","5908","1232.5999999996275","69.5","5.099999999627471","0","69.5","0","-1",""
"309","http://localhost:8080/","2024-12-8","10:56:43","952","5964","1406.5","69.5","5.900000000372529","0","69.5","0","-1",""
"310","http://localhost:8080/","2024-12-8","10:56:50","830","5842","1029.3999999985099","76.59999999962747","5.5","0","76.59999999962747","0","-1",""
"311","http://localhost:8080/","2024-12-8","10:56:56","1143","6156","1980.6000000014901","77.60000000149012","5.700000001117587","0","77.60000000149012","0","-1",""
"312","http://localhost:8080/","2024-12-8","10:57:03","960","5972","1422.1999999955297","75","4.199999999254942","0","75","0","-1",""
"313","http://localhost:8080/","2024-12-8","10:57:09","841","5848","1079.8999999985099","77.5","4.599999999627471","0","77.5","0","-1",""
"314","http://localhost:8080/","2024-12-8","10:57:16","1003","6016","1563.3000000044703","63.40000000037253","4","0","63.40000000037253","0","-1",""
"315","http://localhost:8080/","2024-12-8","10:57:23","801","5814","936.5999999996275","69","6.199999999254942","0","69","0","-1",""
"316","http://localhost:8080/","2024-12-8","10:57:29","969","5982","1446.4000000022352","80.40000000037253","5.199999999254942","0","80.40000000037253","0","-1",""
"317","http://localhost:8080/","2024-12-8","10:57:36","907","5921","1271.4999999962747","66.09999999962747","4.199999999254942","0","66.09999999962747","0","-1",""
"318","http://localhost:8080/","2024-12-8","10:57:42","1122","6135","1900.8000000026077","66.40000000037253","4.599999999627471","0","66.40000000037253","0","-1",""
"319","http://localhost:8080/","2024-12-8","10:57:49","949","5960","1389.300000000745","79.80000000074506","4.199999999254942","0","79.80000000074506","0","-1",""
"320","http://localhost:8080/","2024-12-8","10:57:55","1041","6053","1656.8999999966472","68.69999999925494","5","0","68.69999999925494","0","-1",""
"321","http://localhost:8080/","2024-12-8","10:58:02","939","5950","1373.4999999962747","66.79999999888241","6.099999999627471","0","66.79999999888241","0","-1",""
"322","http://localhost:8080/","2024-12-8","10:58:09","950","5963","1399.4000000003725","67.09999999962747","5","0","67.09999999962747","0","-1",""
"323","http://localhost:8080/","2024-12-8","10:58:15","1071","6084","1763.7999999988824","63.69999999925494","5","0","63.69999999925494","0","-1",""
"324","http://localhost:8080/","2024-12-8","10:58:22","1209","6222","2180.099999997765","77.40000000037253","5.900000000372529","0","77.40000000037253","0","-1",""
"325","http://localhost:8080/","2024-12-8","10:58:29","1079","6090","1783","78","5.400000000372529","0","78","0","-1",""
"326","http://localhost:8080/","2024-12-8","10:58:36","752","5764","811.8000000026077","63","4.599999999627471","0","63","0","-1",""
"327","http://localhost:8080/","2024-12-8","10:58:42","1001","6013","1529.800000000745","76.80000000074506","4.700000001117587","0","76.80000000074506","0","-1",""
"328","http://localhost:8080/","2024-12-8","10:58:49","891","5903","1204","67.90000000037253","5.099999999627471","0","67.90000000037253","0","-1",""
"329","http://localhost:8080/","2024-12-8","10:58:55","1011","6022","1568.0999999977648","71.5","5","0","71.5","0","-1",""
"330","http://localhost:8080/","2024-12-8","10:59:02","1210","6223","2182.5","69.89999999850988","4.899999998509884","0","69.89999999850988","0","-1",""
"331","http://localhost:8080/","2024-12-8","10:59:09","885","5898","1201.300000000745","76.09999999962747","5","0","76.09999999962747","0","-1",""
"332","http://localhost:8080/","2024-12-8","10:59:15","828","5840","1035.5000000018626","62.69999999925494","4.300000000745058","0","62.69999999925494","0","-1",""
"333","http://localhost:8080/","2024-12-8","10:59:22","1063","6077","1724.800000000745","65.40000000037253","4.5","0","65.40000000037253","0","-1",""
"334","http://localhost:8080/","2024-12-8","10:59:29","771","5784","859.2999999988824","70","4.399999998509884","0","70","0","-1",""
"335","http://localhost:8080/","2024-12-8","10:59:35","847","5856","1081.4999999962747","77.19999999925494","4.199999999254942","0","77.19999999925494","0","-1",""
"336","http://localhost:8080/","2024-12-8","10:59:41","943","5954","1361.3999999985099","70.39999999850988","5.399999998509884","0","70.39999999850988","0","-1",""
"337","http://localhost:8080/","2024-12-8","10:59:48","971","5983","1456.7000000029802","69.30000000074506","4.5","0","69.30000000074506","0","-1",""
"338","http://localhost:8080/","2024-12-8","10:59:55","785","5791","908.3000000026077","72","5.900000000372529","0","72","0","-1",""
"339","http://localhost:8080/","2024-12-8","11:00:01","1006","6016","1551.300000000745","68.19999999925494","5.5","0","68.19999999925494","0","-1",""
"340","http://localhost:8080/","2024-12-8","11:00:08","945","5956","1380.5999999977648","69.19999999925494","6","0","69.19999999925494","0","-1",""
"341","http://localhost:8080/","2024-12-8","11:00:14","1059","6067","1712.4999999981374","77.69999999925494","4.699999999254942","0","77.69999999925494","0","-1",""
"342","http://localhost:8080/","2024-12-8","11:00:21","870","5882","1137.7000000011176","78.70000000111759","4.599999999627471","0","78.70000000111759","0","-1",""
"343","http://localhost:8080/","2024-12-8","11:00:28","770","5782","852.5","75.69999999925494","5.099999999627471","0","75.69999999925494","0","-1",""
"344","http://localhost:8080/","2024-12-8","11:00:34","832","5845","1055.2000000029802","77.30000000074506","4.900000000372529","0","77.30000000074506","0","-1",""
"345","http://localhost:8080/","2024-12-8","11:00:40","849","5862","1096.2999999970198","66.59999999962747","4.599999999627471","0","66.59999999962747","0","-1",""
"346","http://localhost:8080/","2024-12-8","11:00:47","794","5806","928.7000000011176","77.40000000037253","4.5","0","77.40000000037253","0","-1",""
"347","http://localhost:8080/","2024-12-8","11:00:53","758","5772","825","67.40000000037253","5","0","67.40000000037253","0","-1",""
"348","http://localhost:8080/","2024-12-8","11:01:00","790","5796","908.0999999996275","77.09999999962747","4.599999999627471","0","77.09999999962747","0","-1",""
"349","http://localhost:8080/","2024-12-8","11:01:06","828","5841","1026.0000000018626","67.80000000074506","4.800000000745058","0","67.80000000074506","0","-1",""
"350","http://localhost:8080/","2024-12-8","11:01:13","809","5821","967.2000000029802","63.80000000074506","4.600000001490116","0","63.80000000074506","0","-1",""
"351","http://localhost:8080/","2024-12-8","11:01:19","800","5810","946.9000000022352","67.5","5","0","67.5","0","-1",""
"352","http://localhost:8080/","2024-12-8","11:01:26","905","5919","1212.5999999977648","64.59999999962747","5.399999998509884","0","64.59999999962747","0","-1",""
"353","http://localhost:8080/","2024-12-8","11:01:32","1105","6116","1843.2000000029802","64.30000000074506","4.300000000745058","0","64.30000000074506","0","-1",""
"354","http://localhost:8080/","2024-12-8","11:01:39","1014","6025","1585.9000000022352","70.40000000037253","4.900000000372529","0","70.40000000037253","0","-1",""
"355","http://localhost:8080/","2024-12-8","11:01:46","947","5960","1372.5999999996275","64.59999999962747","4.5","0","64.59999999962747","0","-1",""
"356","http://localhost:8080/","2024-12-8","11:01:52","848","5860","1081.0000000037253","67.20000000111759","4.100000001490116","0","67.20000000111759","0","-1",""
"357","http://localhost:8080/","2024-12-8","11:01:59","860","5873","1126.7999999970198","76","5.299999998882413","0","76","0","-1",""
"358","http://localhost:8080/","2024-12-8","11:02:05","879","5892","1178.2999999988824","76.59999999962747","4.599999999627471","0","76.59999999962747","0","-1",""
"359","http://localhost:8080/","2024-12-8","11:02:12","847","5862","1085.7000000029802","79.20000000111759","4.900000000372529","0","79.20000000111759","0","-1",""
"360","http://localhost:8080/","2024-12-8","11:02:18","981","5993","1468.9000000022352","62.40000000037253","4.5","0","62.40000000037253","0","-1",""
"361","http://localhost:8080/","2024-12-8","11:02:25","990","6002","1508.0999999996275","67.89999999850988","5.5","0","67.89999999850988","0","-1",""
"362","http://localhost:8080/","2024-12-8","11:02:31","1030","6042","1634.4000000003725","61.90000000037253","4.599999999627471","0","61.90000000037253","0","-1",""
"363","http://localhost:8080/","2024-12-8","11:02:38","992","6005","1512.1999999973923","69.09999999962747","6.199999999254942","0","69.09999999962747","0","-1",""
"364","http://localhost:8080/","2024-12-8","11:02:45","755","5768","803.8000000044703","76.10000000149012","4.600000001490116","0","76.10000000149012","0","-1",""
"365","http://localhost:8080/","2024-12-8","11:02:51","809","5822","972.3000000007451","66.19999999925494","4.599999999627471","0","66.19999999925494","0","-1",""
"366","http://localhost:8080/","2024-12-8","11:02:58","951","5961","1387.0000000037253","70.60000000149012","6.300000000745058","0","70.60000000149012","0","-1",""
"367","http://localhost:8080/","2024-12-8","11:03:04","1045","6057","1685.2999999970198","79.19999999925494","4.699999999254942","0","79.19999999925494","0","-1",""
"368","http://localhost:8080/","2024-12-8","11:03:11","1145","6157","1964.7999999988824","78.30000000074506","4.199999999254942","0","78.30000000074506","0","-1",""
"369","http://localhost:8080/","2024-12-8","11:03:18","842","5853","1054.2999999988824","67.90000000037253","6.099999999627471","0","67.90000000037253","0","-1",""
"370","http://localhost:8080/","2024-12-8","11:03:24","920","5934","1292.7000000011176","80.10000000149012","5.300000000745058","0","80.10000000149012","0","-1",""
"371","http://localhost:8080/","2024-12-8","11:03:31","771","5782","866.9999999981374","64.69999999925494","4.5","0","64.69999999925494","0","-1",""
"372","http://localhost:8080/","2024-12-8","11:03:37","750","5761","799.4000000022352","67.40000000037253","5.900000000372529","0","67.40000000037253","0","-1",""
"373","http://localhost:8080/","2024-12-8","11:03:44","809","5822","973.8000000026077","66.5","6","0","66.5","0","-1",""
"374","http://localhost:8080/","2024-12-8","11:03:50","749","5761","784.5","61.59999999962747","4.400000000372529","0","61.59999999962747","0","-1",""
"375","http://localhost:8080/","2024-12-8","11:03:57","842","5853","1058.300000000745","77","5.5","0","77","0","-1",""
"376","http://localhost:8080/","2024-12-8","11:04:03","819","5832","1009.7000000011176","79.30000000074506","4","0","79.30000000074506","0","-1",""
"377","http://localhost:8080/","2024-12-8","11:04:10","797","5808","930.2000000029802","69.70000000111759","4.200000001117587","0","69.70000000111759","0","-1",""
"378","http://localhost:8080/","2024-12-8","11:04:16","784","5797","882.5999999977648","69.29999999888241","4.099999999627471","0","69.29999999888241","0","-1",""
"379","http://localhost:8080/","2024-12-8","11:04:22","780","5794","895.2000000011176","65.69999999925494","5.300000000745058","0","65.69999999925494","0","-1",""
"380","http://localhost:8080/","2024-12-8","11:04:29","784","5795","884.9999999981374","70","4.699999999254942","0","70","0","-1",""
"381","http://localhost:8080/","2024-12-8","11:04:35","926","5939","1316.6000000014901","64.59999999962747","5.599999999627471","0","64.59999999962747","0","-1",""
"382","http://localhost:8080/","2024-12-8","11:04:42","808","5822","967.5","72.19999999925494","4","0","72.19999999925494","0","-1",""
"383","http://localhost:8080/","2024-12-8","11:04:48","842","5854","1063.199999999255","78.90000000037253","5","0","78.90000000037253","0","-1",""
"384","http://localhost:8080/","2024-12-8","11:04:55","809","5821","977.0000000037253","76.30000000074506","5.900000000372529","0","76.30000000074506","0","-1",""
"385","http://localhost:8080/","2024-12-8","11:05:01","770","5781","852.5999999959022","68.29999999888241","8.099999999627471","0","68.29999999888241","0","-1",""
"386","http://localhost:8080/","2024-12-8","11:05:08","757","5768","812.5999999996275","78.90000000037253","5.5","0","78.90000000037253","0","-1",""
"387","http://localhost:8080/","2024-12-8","11:05:14","801","5814","951.8000000026077","67.90000000037253","5.400000000372529","0","67.90000000037253","0","-1",""
"388","http://localhost:8080/","2024-12-8","11:05:20","799","5813","937.0999999996275","78.40000000037253","6.099999999627471","0","78.40000000037253","0","-1",""
"389","http://localhost:8080/","2024-12-8","11:05:27","811","5823","977.6999999992549","68.19999999925494","6.900000000372529","0","68.19999999925494","0","-1",""
"390","http://localhost:8080/","2024-12-8","11:05:33","855","5859","1111.1000000033528","70.90000000037253","4.5","0","70.90000000037253","0","-1",""
"391","http://localhost:8080/","2024-12-8","11:05:40","890","5890","1226.699999999255","68","5.299999998882413","0","68","0","-1",""
"392","http://localhost:8080/","2024-12-8","11:05:46","813","5819","992.2999999988824","65.19999999925494","5.099999999627471","0","65.19999999925494","0","-1",""
"393","http://localhost:8080/","2024-12-8","11:05:53","976","5984","1478.5999999996275","68.59999999962747","5.599999999627471","0","68.59999999962747","0","-1",""
"394","http://localhost:8080/","2024-12-8","11:05:59","865","5875","1135.4999999981374","77.19999999925494","4.299999998882413","0","77.19999999925494","0","-1",""
"395","http://localhost:8080/","2024-12-8","11:06:06","922","5931","1313.300000000745","63","4.299999998882413","0","63","0","-1",""
"396","http://localhost:8080/","2024-12-8","11:06:13","952","5962","1407.1000000033528","69.70000000111759","4.700000001117587","0","69.70000000111759","0","-1",""
"397","http://localhost:8080/","2024-12-8","11:06:19","744","5755","786.0000000037253","62.70000000111759","3.600000001490116","0","62.70000000111759","0","-1",""
"398","http://localhost:8080/","2024-12-8","11:06:26","823","5831","1022.0999999977648","66.5","4.199999999254942","0","66.5","0","-1",""
"399","http://localhost:8080/","2024-12-8","11:06:32","811","5821","985.5999999996275","63.5","4.300000000745058","0","63.5","0","-1",""
"400","http://localhost:8080/","2024-12-8","11:06:38","915","5925","1281.7000000011176","68.5","5.099999999627471","0","68.5","0","-1",""
"401","http://localhost:8080/","2024-12-8","11:06:45","884","5890","1206.5999999977648","69.5","4.699999999254942","0","69.5","0","-1",""
"402","http://localhost:8080/","2024-12-8","11:06:52","842","5854","1075.2999999988824","67.39999999850988","4.799999998882413","0","67.39999999850988","0","-1",""
"403","http://localhost:8080/","2024-12-8","11:06:58","960","5972","1414.3999999966472","78.29999999888241","6.699999999254942","0","78.29999999888241","0","-1",""
"404","http://localhost:8080/","2024-12-8","11:07:05","897","5909","1230.2999999988824","77.29999999888241","6","0","77.29999999888241","0","-1",""
"405","http://localhost:8080/","2024-12-8","11:07:11","1045","6057","1672.8999999985099","64.30000000074506","6.599999999627471","0","64.30000000074506","0","-1",""
"406","http://localhost:8080/","2024-12-8","11:07:18","905","5919","1267.0999999959022","81.39999999850988","5","0","81.39999999850988","0","-1",""
"407","http://localhost:8080/","2024-12-8","11:07:24","777","5790","820.2000000011176","64.70000000111759","4.300000000745058","0","64.70000000111759","0","-1",""
"408","http://localhost:8080/","2024-12-8","11:07:31","872","5885","1158.7999999988824","78.09999999962747","4.599999999627471","0","78.09999999962747","0","-1",""
"409","http://localhost:8080/","2024-12-8","11:07:37","922","5934","1307.5999999977648","69.29999999888241","6.399999998509884","0","69.29999999888241","0","-1",""
"410","http://localhost:8080/","2024-12-8","11:07:44","790","5801","908.0000000037253","69","6.300000000745058","0","69","0","-1",""
"411","http://localhost:8080/","2024-12-8","11:07:50","800","5812","860.1999999992549","69.09999999962747","4.299999998882413","0","69.09999999962747","0","-1",""
"412","http://localhost:8080/","2024-12-8","11:07:57","909","5920","1252.4000000003725","67.10000000149012","4.800000000745058","0","67.10000000149012","0","-1",""
"413","http://localhost:8080/","2024-12-8","11:08:03","831","5840","1036.3000000026077","62.40000000037253","4.5","0","62.40000000037253","0","-1",""
"414","http://localhost:8080/","2024-12-8","11:08:10","722","5734","708.6999999973923","69.69999999925494","4.5","0","69.69999999925494","0","-1",""
"415","http://localhost:8080/","2024-12-8","11:08:16","807","5818","956.5999999977648","68.5","5.400000000372529","0","68.5","0","-1",""
"416","http://localhost:8080/","2024-12-8","11:08:23","772","5782","860","70.5","4","0","70.5","0","-1",""
"417","http://localhost:8080/","2024-12-8","11:08:29","732","5743","748.8999999985099","67","3.599999999627471","0","67","0","-1",""
"418","http://localhost:8080/","2024-12-8","11:08:35","816","5830","990.1000000033528","71.09999999962747","4.400000000372529","0","71.09999999962747","0","-1",""
"419","http://localhost:8080/","2024-12-8","11:08:42","790","5805","903.6000000014901","75.59999999962747","4.599999999627471","0","75.59999999962747","0","-1",""
"420","http://localhost:8080/","2024-12-8","11:08:48","786","5797","902.3000000007451","76","5.700000001117587","0","76","0","-1",""
"421","http://localhost:8080/","2024-12-8","11:08:55","935","5948","1356.4999999981374","70.89999999850988","5.299999998882413","0","70.89999999850988","0","-1",""
"422","http://localhost:8080/","2024-12-8","11:09:01","757","5770","809.4999999962747","69.89999999850988","5","0","69.89999999850988","0","-1",""
"423","http://localhost:8080/","2024-12-8","11:09:08","794","5807","933.5999999996275","64.09999999962747","5.400000000372529","0","64.09999999962747","0","-1",""
"424","http://localhost:8080/","2024-12-8","11:09:14","782","5794","902.2000000029802","68","5.800000000745058","0","68","0","-1",""
"425","http://localhost:8080/","2024-12-8","11:09:21","801","5812","933.5999999996275","77.19999999925494","5.299999998882413","0","77.19999999925494","0","-1",""
"426","http://localhost:8080/","2024-12-8","11:09:27","829","5840","1019.4000000003725","63.70000000111759","4.200000001117587","0","63.70000000111759","0","-1",""
"427","http://localhost:8080/","2024-12-8","11:09:33","803","5817","954.7999999970198","77.19999999925494","4.099999999627471","0","77.19999999925494","0","-1",""
"428","http://localhost:8080/","2024-12-8","11:09:40","861","5872","1127.9000000022352","68.5","4.900000000372529","0","68.5","0","-1",""
"429","http://localhost:8080/","2024-12-8","11:09:46","1029","6041","1628.7999999970198","77.29999999888241","4.899999998509884","0","77.29999999888241","0","-1",""
"430","http://localhost:8080/","2024-12-8","11:09:53","950","5961","1399.0999999996275","67.09999999962747","4.400000000372529","0","67.09999999962747","0","-1",""
"431","http://localhost:8080/","2024-12-8","11:10:00","916","5929","1286.8999999966472","61.79999999888241","4.199999999254942","0","61.79999999888241","0","-1",""
"432","http://localhost:8080/","2024-12-8","11:10:06","771","5782","840.3999999985099","63","4.199999999254942","0","63","0","-1",""
"433","http://localhost:8080/","2024-12-8","11:10:13","736","5747","752.1999999973923","67.5","5.399999998509884","0","67.5","0","-1",""
"434","http://localhost:8080/","2024-12-8","11:10:19","900","5911","1232.199999999255","67.59999999962747","5.300000000745058","0","67.59999999962747","0","-1",""
"435","http://localhost:8080/","2024-12-8","11:10:26","853","5866","1087.5999999996275","70.40000000037253","4.5","0","70.40000000037253","0","-1",""
"436","http://localhost:8080/","2024-12-8","11:10:32","889","5902","1126.0000000018626","67.20000000111759","5.100000001490116","0","67.20000000111759","0","-1",""
"437","http://localhost:8080/","2024-12-8","11:10:39","887","5901","1204.2999999970198","68.5","3.699999999254942","0","68.5","0","-1",""
"438","http://localhost:8080/","2024-12-8","11:10:45","731","5744","741.2999999988824","72.69999999925494","5.5","0","72.69999999925494","0","-1",""
"439","http://localhost:8080/","2024-12-8","11:10:52","744","5756","766.8999999985099","71","5.799999998882413","0","71","0","-1",""
"440","http://localhost:8080/","2024-12-8","11:10:58","906","5919","1263.1999999973923","71.90000000037253","5.400000000372529","0","71.90000000037253","0","-1",""
"441","http://localhost:8080/","2024-12-8","11:11:04","794","5808","919.6999999992549","64.59999999962747","4","0","64.59999999962747","0","-1",""
"442","http://localhost:8080/","2024-12-8","11:11:11","893","5908","1221.2999999970198","65.89999999850988","7","0","65.89999999850988","0","-1",""
"443","http://localhost:8080/","2024-12-8","11:11:17","1107","6120","1866.3999999985099","64.40000000037253","5.099999999627471","0","64.40000000037253","0","-1",""
"444","http://localhost:8080/","2024-12-8","11:11:24","807","5820","953.9999999981374","66.39999999850988","4.799999998882413","0","66.39999999850988","0","-1",""
"445","http://localhost:8080/","2024-12-8","11:11:31","811","5822","983","62","5.099999999627471","0","62","0","-1",""
"446","http://localhost:8080/","2024-12-8","11:11:37","907","5921","1276.5999999996275","67.90000000037253","4.699999999254942","0","67.90000000037253","0","-1",""
"447","http://localhost:8080/","2024-12-8","11:11:44","1015","6028","1580.2000000029802","68.40000000037253","5.400000000372529","0","68.40000000037253","0","-1",""
"448","http://localhost:8080/","2024-12-8","11:11:50","869","5877","1154.1000000014901","77.09999999962747","5.700000001117587","0","77.09999999962747","0","-1",""
"449","http://localhost:8080/","2024-12-8","11:11:57","837","5847","1034.9000000022352","69.40000000037253","5.100000001490116","0","69.40000000037253","0","-1",""
"450","http://localhost:8080/","2024-12-8","11:12:03","1244","6254","2261.4999999962747","68.69999999925494","5.799999998882413","0","68.69999999925494","0","-1",""
"451","http://localhost:8080/","2024-12-8","11:12:10","832","5846","1046.2000000029802","66.10000000149012","5","0","66.10000000149012","0","-1",""
"452","http://localhost:8080/","2024-12-8","11:12:17","826","5838","1010.5999999977648","69.59999999962747","4.599999999627471","0","69.59999999962747","0","-1",""
"453","http://localhost:8080/","2024-12-8","11:12:23","951","5963","1382.6999999973923","77.09999999962747","5.5","0","77.09999999962747","0","-1",""
"454","http://localhost:8080/","2024-12-8","11:12:30","987","5999","1490","63.40000000037253","5.5","0","63.40000000037253","0","-1",""
"455","http://localhost:8080/","2024-12-8","11:12:36","808","5821","960.5999999977648","77.29999999888241","4.699999999254942","0","77.29999999888241","0","-1",""
"456","http://localhost:8080/","2024-12-8","11:12:43","752","5763","803.5999999996275","61.90000000037253","4.5","0","61.90000000037253","0","-1",""
"457","http://localhost:8080/","2024-12-8","11:12:49","736","5749","758.1000000014901","70.09999999962747","5.599999999627471","0","70.09999999962747","0","-1",""
"458","http://localhost:8080/","2024-12-8","11:12:56","736","5742","743.5000000018626","64.19999999925494","3.800000000745058","0","64.19999999925494","0","-1",""
"459","http://localhost:8080/","2024-12-8","11:13:02","842","5854","1057.2999999970198","68.09999999962747","4.5","0","68.09999999962747","0","-1",""
"460","http://localhost:8080/","2024-12-8","11:13:08","1026","6037","1637.9000000003725","71.69999999925494","4.099999999627471","0","71.69999999925494","0","-1",""
"461","http://localhost:8080/","2024-12-8","11:13:15","874","5887","1174.699999999255","67.80000000074506","4.400000000372529","0","67.80000000074506","0","-1",""
"462","http://localhost:8080/","2024-12-8","11:13:22","1217","6227","2210.1999999973923","62.40000000037253","4.199999999254942","0","62.40000000037253","0","-1",""
"463","http://localhost:8080/","2024-12-8","11:13:28","1039","6053","1654.7000000011176","76.59999999962747","4.400000000372529","0","76.59999999962747","0","-1",""
"464","http://localhost:8080/","2024-12-8","11:13:35","913","5924","1277.5999999996275","66.40000000037253","4.599999999627471","0","66.40000000037253","0","-1",""
"465","http://localhost:8080/","2024-12-8","11:13:42","1022","6035","1595.2000000011176","71.59999999962747","5.199999999254942","0","71.59999999962747","0","-1",""
"466","http://localhost:8080/","2024-12-8","11:13:48","855","5869","1104.8999999985099","76.19999999925494","4.599999999627471","0","76.19999999925494","0","-1",""
"467","http://localhost:8080/","2024-12-8","11:13:55","849","5862","1037.0000000018626","63.100000001490116","4.700000001117587","0","63.100000001490116","0","-1",""
"468","http://localhost:8080/","2024-12-8","11:14:01","894","5907","1236.3999999985099","71.19999999925494","5","0","71.19999999925494","0","-1",""
"469","http://localhost:8080/","2024-12-8","11:14:08","849","5863","1081.199999999255","67.30000000074506","5.5","0","67.30000000074506","0","-1",""
"470","http://localhost:8080/","2024-12-8","11:14:14","928","5942","1316.5000000018626","80.09999999962747","5.699999999254942","0","80.09999999962747","0","-1",""
"471","http://localhost:8080/","2024-12-8","11:14:21","872","5884","1145.8999999985099","71.79999999888241","4.900000000372529","0","71.79999999888241","0","-1",""
"472","http://localhost:8080/","2024-12-8","11:14:28","948","5960","1399.9000000022352","67.30000000074506","5.300000000745058","0","67.30000000074506","0","-1",""
"473","http://localhost:8080/","2024-12-8","11:14:34","904","5918","1259.9000000003725","70.59999999962747","4.5","0","70.59999999962747","0","-1",""
"474","http://localhost:8080/","2024-12-8","11:14:41","1119","6131","1907.9000000059605","78.20000000298023","4.100000001490116","0","78.20000000298023","0","-1",""
"475","http://localhost:8080/","2024-12-8","11:14:47","848","5861","1081.5999999977648","68.69999999925494","6.199999999254942","0","68.69999999925494","0","-1",""
"476","http://localhost:8080/","2024-12-8","11:14:54","996","6008","1533.800000000745","62.20000000298023","5","0","62.20000000298023","0","-1",""
"477","http://localhost:8080/","2024-12-8","11:15:01","977","5987","1483.4999999962747","70.10000000149012","4.600000001490116","0","70.10000000149012","0","-1",""
"478","http://localhost:8080/","2024-12-8","11:15:07","876","5889","1166.3999999985099","71.89999999850988","6","0","71.89999999850988","0","-1",""
"479","http://localhost:8080/","2024-12-8","11:15:14","1015","6027","1579.7999999932945","67.39999999850988","5.399999998509884","0","67.39999999850988","0","-1",""
"480","http://localhost:8080/","2024-12-8","11:15:20","1010","6014","1583.4000000022352","70.20000000298023","4.200000002980232","0","70.20000000298023","0","-1",""
"481","http://localhost:8080/","2024-12-8","11:15:27","985","5996","1483.5000000074506","67.80000000074506","6","0","67.80000000074506","0","-1",""
"482","http://localhost:8080/","2024-12-8","11:15:34","861","5875","1107.4000000022352","68.5","5.700000002980232","0","68.5","0","-1",""
"483","http://localhost:8080/","2024-12-8","11:15:40","912","5925","1267.2999999970198","63.79999999701977","4.299999997019768","0","63.79999999701977","0","-1",""
"484","http://localhost:8080/","2024-12-8","11:15:47","1124","6138","1924.6000000014901","67.19999999925494","5.5","0","67.19999999925494","0","-1",""
"485","http://localhost:8080/","2024-12-8","11:15:54","803","5817","956.1999999955297","69.39999999850988","6.699999999254942","0","69.39999999850988","0","-1",""
"486","http://localhost:8080/","2024-12-8","11:16:00","898","5910","1235.1000000089407","61.900000002235174","4.5","0","61.900000002235174","0","-1",""
"487","http://localhost:8080/","2024-12-8","11:16:06","922","5936","1309.0000000037253","62.20000000298023","4.700000002980232","0","62.20000000298023","0","-1",""
"488","http://localhost:8080/","2024-12-8","11:16:13","901","5915","1237.5999999977648","69.10000000149012","4.600000001490116","0","69.10000000149012","0","-1",""
"489","http://localhost:8080/","2024-12-8","11:16:20","861","5875","1127","67.60000000149012","4.699999999254942","0","67.60000000149012","0","-1",""
"490","http://localhost:8080/","2024-12-8","11:16:26","840","5853","1056.2000000067055","77.10000000149012","6","0","77.10000000149012","0","-1",""
"491","http://localhost:8080/","2024-12-8","11:16:33","870","5881","1139.5000000037253","79.30000000074506","4.100000001490116","0","79.30000000074506","0","-1",""
"492","http://localhost:8080/","2024-12-8","11:16:39","845","5857","1066.1000000014901","62.69999999925494","5.5","0","62.69999999925494","0","-1",""
"493","http://localhost:8080/","2024-12-8","11:16:46","1076","6089","1772.0000000074506","66.5","5.300000000745058","0","66.5","0","-1",""
"494","http://localhost:8080/","2024-12-8","11:16:52","815","5829","989","62.69999999925494","4.300000000745058","0","62.69999999925494","0","-1",""
"495","http://localhost:8080/","2024-12-8","11:16:59","1085","6097","1791.800000000745","63.80000000074506","4.400000002235174","0","63.80000000074506","0","-1",""
"496","http://localhost:8080/","2024-12-8","11:17:06","1144","6155","1977.8999999947846","76.5","4.699999999254942","0","76.5","0","-1",""
"497","http://localhost:8080/","2024-12-8","11:17:12","898","5912","1251.7000000029802","68.10000000149012","5.800000000745058","0","68.10000000149012","0","-1",""
"498","http://localhost:8080/","2024-12-8","11:17:19","806","5817","970","65.79999999701977","6.599999997764826","0","65.79999999701977","0","-1",""
"499","http://localhost:8080/","2024-12-8","11:17:25","888","5900","1209.1999999955297","77.89999999850988","6.099999997764826","0","77.89999999850988","0","-1",""
"500","http://localhost:8080/","2024-12-8","11:17:32","840","5853","1051.5000000074506","66.5","4.400000002235174","0","66.5","0","-1",""
"501","http://localhost:8080/","2024-12-8","11:17:38","868","5881","1160.5999999940395","70.79999999701977","4.599999997764826","0","70.79999999701977","0","-1",""
"502","http://localhost:8080/","2024-12-8","11:17:45","1072","6086","1778.300000000745","68.39999999850988","5.800000000745058","0","68.39999999850988","0","-1",""
"503","http://localhost:8080/","2024-12-8","11:17:52","898","5911","1236.6000000014901","62.69999999925494","5","0","62.69999999925494","0","-1",""
"504","http://localhost:8080/","2024-12-8","11:17:58","854","5866","1111.6000000014901","71.5","5","0","71.5","0","-1",""
"505","http://localhost:8080/","2024-12-8","11:18:05","861","5875","1130.4000000022352","69.20000000298023","4.200000002980232","0","69.20000000298023","0","-1",""