timestamp,cdn_cpu_percent,discovery_cpu_percent,monolith_cpu_percent,recommendations_cpu_percent,teasers_cpu_percent,cdn_mem_percent,discovery_mem_percent,monolith_mem_percent,recommendations_mem_percent,teasers_mem_percent,cdn_mem_usage,discovery_mem_usage,monolith_mem_usage,recommendations_mem_usage,teasers_mem_usage,duration_mean,duration_min,duration_max,duration_count,throughput_mean,throughput_min,throughput_max,throughput_count,err_mean,err_count
0,0.0,3.0,208.89,36.16,31.63,0.35,0.47,26.35,2.06,1.88,27.42,36.49,2064.0,161.7,147.3,26.584756880733945,7.795,572.703,436,83.4,83.0,84.0,417.0,0.0,0.0
5,0.0,4.71,166.85,39.11,30.8,0.35,0.53,36.07,2.65,2.1,27.42,41.18,2827.0,207.9,164.4,8.885966426858513,6.644,31.562,417,83.2,83.0,84.0,416.0,0.0,0.0
10,0.0,2.13,144.83,25.67,25.36,0.35,0.53,36.26,2.68,2.19,27.42,41.59,2841.0,210.4,172.0,8.34857314148681,6.342,24.827,417,83.4,83.0,84.0,417.0,0.0,0.0
15,0.01,3.8,128.81,28.06,26.16,0.35,0.62,36.33,3.07,2.13,27.42,48.73,2847.0,240.4,166.7,7.441853365384616,5.361,16.812,416,83.4,83.0,84.0,417.0,0.0,0.0
20,0.0,2.66,161.99,27.58,22.67,0.35,0.63,36.82,2.73,1.99,27.42,49.25,2885.0,214.1,156.1,7.3671486810551565,5.23,27.463,417,83.2,83.0,84.0,416.0,0.0,0.0
25,0.0,3.7,159.77,22.96,26.07,0.35,0.64,36.91,2.45,1.91,27.42,50.39,2892.0,192.0,149.6,7.294916067146283,5.036,20.957,417,83.4,83.0,84.0,417.0,0.0,0.0
30,0.0,2.09,117.82,22.13,29.2,0.35,0.7,37.17,2.41,1.77,27.42,54.92,2913.0,188.9,138.9,7.186653846153846,5.92,19.611,416,83.4,83.0,84.0,417.0,0.0,0.0
35,0.0,3.05,118.1,23.49,22.12,0.35,0.8,37.23,2.37,1.76,27.42,62.6,2918.0,185.4,138.3,6.932177458033573,5.285,14.481,417,83.2,83.0,84.0,416.0,0.0,0.0
40,0.0,2.0,142.67,22.2,28.69,0.35,0.8,37.58,2.35,1.69,27.42,62.66,2945.0,184.5,132.2,7.034352517985611,5.808,18.797,417,83.4,83.0,84.0,417.0,0.0,0.0
45,0.0,3.47,118.99,26.49,20.9,0.35,0.82,37.64,2.26,1.69,27.42,63.94,2950.0,177.0,132.4,6.8270360576923075,5.795,14.624,416,83.4,83.0,84.0,417.0,0.0,0.0
50,0.0,1.92,116.25,26.85,24.01,0.35,0.82,37.9,2.34,1.67,27.42,64.07,2970.0,183.2,130.8,6.786155875299761,4.944,13.073,417,83.2,83.0,84.0,416.0,0.0,0.0
55,0.0,1.97,133.49,23.4,23.62,0.35,0.84,38.07,2.39,1.67,27.42,66.14,2983.0,187.2,130.8,6.800151079136691,5.829,14.353,417,83.4,83.0,84.0,417.0,0.0,0.0
60,0.0,2.17,127.12,19.3,22.84,0.35,0.85,38.27,2.32,1.67,27.42,66.7,2999.0,181.5,130.7,6.737752403846154,5.716,19.269,416,83.4,83.0,84.0,417.0,0.0,0.0
65,0.0,1.77,120.58,19.68,23.74,0.35,0.86,38.52,2.25,1.67,27.42,67.34,3018.0,176.6,131.2,6.661431654676259,5.884,13.598,417,83.2,83.0,84.0,416.0,0.0,0.0
70,0.0,2.33,126.12,25.98,21.23,0.35,0.86,38.75,2.36,1.67,27.42,67.18,3037.0,185.0,130.8,6.61642206235012,5.374,13.735,417,83.4,83.0,84.0,417.0,0.0,0.0
75,0.0,1.69,117.17,22.22,22.48,0.35,0.86,38.93,2.3,1.67,27.43,67.27,3050.0,180.4,130.5,6.683507211538461,5.702,16.344,416,83.4,83.0,84.0,417.0,0.0,0.0
80,0.0,1.78,118.93,23.09,21.86,0.35,0.86,39.1,2.02,1.67,27.43,67.36,3064.0,158.2,131.1,6.634966426858513,5.583,14.413,417,83.2,83.0,84.0,416.0,0.0,0.0
85,0.0,1.68,116.17,21.59,27.79,0.35,0.86,39.19,1.93,1.67,27.43,67.36,3072.0,151.5,130.5,6.554621103117506,5.786,12.47,417,83.4,83.0,84.0,417.0,0.0,0.0
90,0.0,2.32,114.77,25.48,27.99,0.35,0.86,39.4,1.96,1.68,27.43,67.51,3088.0,153.8,132.0,6.595177884615385,5.374,12.765,416,83.4,83.0,84.0,417.0,0.0,0.0
95,0.0,1.89,119.89,26.7,27.18,0.35,0.87,39.57,1.94,1.67,27.43,67.85,3101.0,151.7,131.2,6.587143884892086,5.742,14.217,417,83.2,83.0,84.0,416.0,0.0,0.0
100,0.0,1.93,116.49,21.87,20.52,0.35,0.86,39.91,1.91,1.68,27.43,67.77,3127.0,149.5,131.4,6.610153846153846,5.512,13.692,416,83.4,83.0,84.0,417.0,0.0,0.0
105,0.0,1.7,115.25,24.19,22.7,0.35,0.86,39.96,1.91,1.68,27.43,67.78,3131.0,149.4,131.3,6.641728365384615,5.642,16.659,416,83.2,83.0,84.0,416.0,0.0,0.0
110,,,,,,,,,,,,,,,,6.592381294964029,5.73,15.122,417,83.2,83.0,84.0,416.0,0.0,0.0
115,0.0,1.88,160.58,19.81,26.47,0.35,0.87,40.6,1.91,1.67,27.43,67.85,3181.0,149.5,131.3,6.716028846153846,5.685,17.686,416,83.2,83.0,84.0,416.0,0.0,0.0
120,0.0,1.64,115.01,25.26,26.05,0.35,0.87,40.62,1.9,1.69,27.43,67.96,3183.0,149.2,132.2,6.616975961538461,5.691,15.046,416,83.2,83.0,84.0,416.0,0.0,0.0
125,0.0,1.61,114.77,24.73,20.77,0.35,0.87,40.72,1.93,1.68,27.43,68.04,3190.0,151.3,131.4,6.59431654676259,5.404,12.732,417,83.4,83.0,84.0,417.0,0.0,0.0
130,0.0,1.66,117.94,21.87,24.54,0.35,0.87,41.02,1.91,1.68,27.43,68.28,3214.0,150.0,131.4,6.588026442307693,5.646,15.453,416,83.2,83.0,84.0,416.0,0.0,0.0
135,0.0,1.71,114.51,25.62,22.54,0.35,0.87,41.13,1.96,1.68,27.43,68.19,3223.0,153.9,131.9,6.657693045563549,5.426,15.304,417,83.4,83.0,84.0,417.0,0.0,0.0
140,0.0,1.87,115.18,26.07,25.65,0.35,0.87,41.24,2.02,1.68,27.43,68.25,3231.0,158.6,132.1,6.640367788461538,5.954,14.18,416,83.2,83.0,84.0,416.0,0.0,0.0
145,0.0,1.83,120.16,20.13,21.69,0.35,0.87,41.41,2.04,1.7,27.43,68.3,3245.0,159.5,133.5,6.5590599520383694,4.502,15.591,417,83.4,83.0,84.0,417.0,0.0,0.0
150,0.0,1.86,114.74,24.91,21.67,0.35,0.87,41.51,1.9,1.74,27.43,68.22,3253.0,149.0,136.3,6.79053125,5.884,15.618,416,83.4,83.0,84.0,417.0,0.0,0.0
155,0.0,1.79,114.27,22.14,26.26,0.35,0.87,41.76,1.92,1.72,27.43,68.37,3272.0,150.8,135.0,6.752134292565947,5.824,13.841,417,83.2,83.0,84.0,416.0,0.0,0.0
160,0.0,1.93,115.0,28.52,25.09,0.35,0.87,41.84,2.04,1.75,27.43,68.49,3279.0,159.5,136.9,7.015700239808154,5.73,13.471,417,83.4,83.0,84.0,417.0,0.0,0.0
165,0.0,1.83,114.94,25.21,22.24,0.35,0.88,42.19,2.07,1.78,27.43,68.59,3306.0,162.0,139.4,6.771704326923077,5.781,15.924,416,83.4,83.0,84.0,417.0,0.0,0.0
170,0.0,1.89,114.88,32.1,21.47,0.35,0.87,42.26,2.09,1.73,27.43,68.48,3311.0,163.8,135.8,6.83367386091127,4.938,13.892,417,83.2,83.0,84.0,416.0,0.0,0.0
175,0.0,2.98,119.34,26.77,22.5,0.35,0.88,42.41,2.08,1.75,27.43,68.73,3323.0,163.4,136.9,6.744887290167865,5.826,13.818,417,83.4,83.0,84.0,417.0,0.0,0.0
180,0.0,1.66,115.45,23.31,19.39,0.35,0.88,42.61,2.01,1.74,27.43,68.86,3339.0,157.4,136.0,6.674831730769231,5.732,15.756,416,83.4,83.0,84.0,417.0,0.0,0.0
185,0.0,1.74,114.97,24.81,23.95,0.35,0.88,42.7,2.07,1.67,27.43,68.77,3346.0,162.0,130.5,6.66246762589928,5.552,14.516,417,83.2,83.0,84.0,416.0,0.0,0.0
190,0.0,1.72,119.34,22.03,26.64,0.35,0.88,42.88,2.06,1.66,27.43,68.86,3360.0,161.2,130.1,6.661184652278178,5.899,15.155,417,83.4,83.0,84.0,417.0,0.0,0.0
195,0.0,1.65,114.84,25.13,20.89,0.35,0.88,43.0,2.17,1.7,27.43,69.1,3369.0,170.0,133.0,6.599644230769231,5.459,16.719,416,83.4,83.0,84.0,417.0,0.0,0.0
200,0.0,2.45,114.77,21.48,24.09,0.35,0.88,43.09,2.18,1.73,27.43,69.24,3377.0,170.8,135.9,6.636462829736211,5.723,14.381,417,83.2,83.0,84.0,416.0,0.0,0.0
205,0.0,1.68,114.23,21.12,25.2,0.35,0.88,43.22,2.05,1.76,27.43,69.04,3387.0,160.6,138.3,6.533148681055155,5.807,15.688,417,83.4,83.0,84.0,417.0,0.0,0.0
210,0.0,1.72,114.99,25.08,24.09,0.35,0.88,43.4,2.06,1.71,27.43,69.11,3400.0,161.3,133.9,6.629651442307692,5.857,14.321,416,83.4,83.0,84.0,417.0,0.0,0.0
215,0.0,1.68,114.89,20.65,22.39,0.35,0.88,43.48,2.04,1.71,27.43,69.12,3407.0,159.6,134.1,6.566160671462829,5.654,13.623,417,83.2,83.0,84.0,416.0,0.0,0.0
220,0.0,2.41,114.38,27.56,17.63,0.35,0.88,43.58,2.04,1.71,27.43,69.0,3415.0,159.6,134.0,6.611642685851319,5.414,12.798,417,83.4,83.0,84.0,417.0,0.0,0.0
225,0.0,1.73,114.5,25.63,21.66,0.35,0.88,43.75,2.04,1.7,27.43,69.06,3429.0,159.5,133.4,6.530829326923077,5.609,13.771,416,83.2,83.0,84.0,416.0,0.0,0.0
230,0.0,1.65,114.88,22.32,22.9,0.35,0.88,43.87,2.04,1.69,27.43,69.12,3438.0,160.2,132.7,6.660587529976019,5.746,16.998,417,83.4,83.0,84.0,417.0,0.0,0.0
235,0.0,1.73,114.53,19.58,18.83,0.35,0.88,43.97,1.95,1.69,27.43,69.12,3445.0,153.0,132.6,6.545139088729017,5.75,11.754,417,83.4,83.0,84.0,417.0,0.0,0.0
240,0.0,1.7,119.98,21.93,21.69,0.35,0.88,44.14,1.95,1.69,27.43,68.99,3460.0,152.9,132.4,6.575009615384616,5.484,14.479,416,83.4,83.0,84.0,417.0,0.0,0.0
245,0.0,1.7,115.75,26.5,25.9,0.35,0.88,44.26,1.96,1.69,27.43,69.05,3468.0,153.6,132.6,6.688115107913669,5.553,15.304,417,83.2,83.0,84.0,416.0,0.0,0.0
250,0.0,1.68,114.36,26.13,20.75,0.35,0.88,44.35,1.95,1.69,27.43,69.12,3475.0,152.6,132.5,6.6497218225419665,5.737,14.532,417,83.4,83.0,84.0,417.0,0.0,0.0
255,0.0,1.68,119.73,21.52,20.69,0.35,0.88,44.52,1.93,1.69,27.43,69.12,3489.0,151.2,132.6,6.496543269230769,5.642,13.123,416,83.4,83.0,84.0,417.0,0.0,0.0
260,0.0,1.7,115.09,25.65,19.17,0.35,0.88,44.62,1.91,1.69,27.45,69.26,3496.0,150.0,132.8,6.615429256594724,5.564,15.282,417,83.2,83.0,84.0,416.0,0.0,0.0
265,0.0,1.84,115.21,26.73,24.26,0.35,0.88,44.73,1.93,1.69,27.45,69.32,3505.0,151.1,132.4,6.5249592326139085,5.615,15.898,417,83.4,83.0,84.0,417.0,0.0,0.0
270,0.0,2.11,119.15,24.41,23.34,0.35,0.89,44.91,1.93,1.69,27.45,69.44,3520.0,151.2,132.6,6.5852812499999995,5.714,13.418,416,83.4,83.0,84.0,417.0,0.0,0.0
275,0.0,1.68,114.98,19.93,25.0,0.35,0.89,45.01,1.94,1.69,27.45,69.44,3527.0,152.4,132.6,6.702659472422062,5.714,16.983,417,83.2,83.0,84.0,416.0,0.0,0.0
280,0.0,1.7,114.61,24.21,20.33,0.35,0.88,45.13,1.93,1.7,27.45,69.32,3536.0,151.1,133.0,6.627251798561151,5.619,17.206,417,83.4,83.0,84.0,417.0,0.0,0.0
285,0.0,1.73,119.69,25.59,19.61,0.35,0.89,45.27,1.92,1.69,27.45,69.36,3548.0,150.9,132.7,6.5686466346153844,5.688,12.906,416,83.2,83.0,84.0,416.0,0.0,0.0
290,0.0,1.73,114.68,23.72,21.73,0.35,0.89,45.39,1.91,1.71,27.45,69.68,3557.0,149.6,134.1,6.58863788968825,5.7,14.652,417,83.4,83.0,84.0,417.0,0.0,0.0
295,0.0,1.72,114.76,22.36,23.03,0.35,0.89,45.48,1.94,1.72,27.45,69.44,3564.0,151.7,135.0,6.667865707434053,5.79,15.187,417,83.4,83.0,84.0,417.0,0.0,0.0
300,0.0,2.97,121.99,30.31,24.97,0.35,0.88,45.66,2.07,1.7,27.45,69.32,3577.0,162.4,133.0,6.73709375,4.956,19.501,416,83.4,83.0,84.0,417.0,0.0,0.0
305,0.0,1.89,114.85,21.37,24.63,0.35,0.89,45.78,2.17,1.75,27.45,69.38,3587.0,170.1,137.2,6.576558752997602,5.494,12.603,417,83.2,83.0,84.0,416.0,0.0,0.0
310,0.0,1.91,114.34,24.71,20.19,0.35,0.89,45.86,2.12,1.76,27.45,69.45,3594.0,166.0,138.1,6.6964604316546765,5.538,14.767,417,83.4,83.0,84.0,417.0,0.0,0.0
315,0.0,1.8,121.26,22.99,20.02,0.35,0.89,46.05,1.97,1.72,27.45,69.45,3608.0,154.6,134.5,6.674084134615384,5.67,15.697,416,83.2,83.0,84.0,416.0,0.0,0.0
320,0.0,3.09,114.64,24.71,20.7,0.35,0.88,46.16,1.98,1.72,27.45,69.35,3617.0,155.5,134.5,7.151009592326139,4.577,13.733,417,83.4,83.0,84.0,417.0,0.0,0.0
325,0.0,1.65,114.01,22.51,19.14,0.35,0.89,46.26,1.99,1.71,27.45,69.4,3624.0,155.7,134.2,7.010944711538461,5.521,16.879,416,83.4,83.0,84.0,417.0,0.0,0.0
330,0.0,1.69,122.17,22.06,23.75,0.35,0.89,46.43,2.02,1.71,27.45,69.46,3638.0,158.0,134.2,6.940179856115107,5.487,18.739,417,83.2,83.0,84.0,416.0,0.0,0.0
335,0.0,1.65,119.22,28.04,20.62,0.35,0.89,46.52,2.06,1.69,27.45,69.46,3645.0,161.3,132.7,6.997242206235012,4.643,14.531,417,83.4,83.0,84.0,417.0,0.0,0.0
340,0.0,1.62,114.61,20.14,25.24,0.35,0.89,46.64,2.0,1.72,27.45,69.46,3654.0,156.5,134.7,6.979502403846154,4.407,14.993,416,83.4,83.0,84.0,417.0,0.0,0.0
345,0.0,2.36,119.56,20.45,22.09,0.35,0.88,46.81,1.99,1.72,27.45,69.34,3668.0,155.6,134.6,7.0416738609112715,4.62,14.487,417,83.4,83.0,84.0,417.0,0.0,0.0
350,0.0,1.67,115.98,21.96,18.24,0.35,0.89,46.9,1.93,1.7,27.45,69.38,3676.0,150.9,133.4,6.944388489208633,4.435,16.076,417,83.2,83.0,84.0,416.0,0.0,0.0
355,0.0,1.63,114.42,26.37,24.18,0.35,0.89,47.03,1.94,1.7,27.45,69.46,3685.0,152.0,133.4,6.980649038461538,5.461,14.728,416,83.4,83.0,84.0,417.0,0.0,0.0
360,0.0,1.72,122.71,24.51,24.18,0.35,0.89,47.2,1.93,1.7,27.45,69.46,3698.0,151.6,133.4,7.0440695443645085,5.243,22.654,417,83.2,83.0,84.0,416.0,0.0,0.0
365,0.0,2.47,114.74,22.29,21.96,0.35,0.88,47.29,1.93,1.71,27.45,69.32,3705.0,151.5,133.7,6.9552206235012,5.489,14.559,417,83.4,83.0,84.0,417.0,0.0,0.0
370,0.0,1.63,115.04,27.99,22.77,0.35,0.89,47.41,1.93,1.71,27.45,69.37,3715.0,151.3,133.7,7.021891826923077,4.507,15.252,416,83.4,83.0,84.0,417.0,0.0,0.0
375,0.0,1.69,118.82,22.31,23.75,0.35,0.89,47.55,2.02,1.7,27.45,69.45,3726.0,158.5,133.5,6.897661870503597,4.526,15.19,417,83.2,83.0,84.0,416.0,0.0,0.0
380,0.0,1.71,114.21,22.53,22.92,0.35,0.89,47.67,2.12,1.7,27.45,69.45,3735.0,166.2,132.9,6.963304556354916,5.418,15.972,417,83.4,83.0,84.0,417.0,0.0,0.0
385,0.0,2.25,113.83,23.04,24.47,0.35,0.88,47.76,2.01,1.67,27.45,69.32,3742.0,157.6,131.1,6.935132211538461,4.61,14.455,416,83.4,83.0,84.0,417.0,0.0,0.0
390,0.0,1.7,119.38,22.02,23.5,0.35,0.88,47.94,1.97,1.67,27.45,69.32,3757.0,154.5,131.1,6.951911270983214,5.636,12.631,417,83.2,83.0,84.0,416.0,0.0,0.0
395,0.0,1.63,114.25,20.72,24.65,0.35,0.89,48.03,1.98,1.68,27.45,69.44,3764.0,155.0,131.5,6.883726618705036,5.602,12.239,417,83.4,83.0,84.0,417.0,0.0,0.0
400,0.0,1.65,114.11,20.96,20.89,0.35,0.89,48.15,1.98,1.68,27.45,69.45,3773.0,155.3,131.3,6.987783653846154,4.345,17.05,416,83.4,83.0,84.0,417.0,0.0,0.0
405,0.0,1.66,118.64,20.27,23.53,0.35,0.89,48.32,1.97,1.68,27.45,69.58,3786.0,154.0,131.3,6.920235011990408,4.349,15.561,417,83.2,83.0,84.0,416.0,0.0,0.0
410,0.0,1.68,119.49,26.17,22.74,0.35,0.89,48.4,1.97,1.67,27.45,69.89,3793.0,154.2,131.3,6.9478752997601925,5.424,14.664,417,83.4,83.0,84.0,417.0,0.0,0.0
415,0.0,1.66,113.96,19.75,22.6,0.35,0.89,48.51,1.89,1.68,27.45,69.71,3802.0,148.3,131.6,6.927959134615384,4.426,16.651,416,83.4,83.0,84.0,417.0,0.0,0.0
420,0.0,1.69,114.33,19.62,20.66,0.35,0.89,48.61,1.97,1.68,27.45,69.72,3810.0,154.1,131.6,6.94400479616307,4.5,14.991,417,83.2,83.0,84.0,416.0,0.0,0.0
425,0.0,1.61,118.64,22.69,24.3,0.35,0.89,48.79,2.01,1.7,27.45,69.6,3823.0,157.8,133.4,6.948458033573142,5.678,11.52,417,83.4,83.0,84.0,417.0,0.0,0.0
430,0.0,1.75,114.62,26.78,23.27,0.35,0.89,48.91,2.16,1.69,27.45,69.63,3832.0,169.4,132.7,6.996567307692308,4.576,16.519,416,83.4,83.0,84.0,417.0,0.0,0.0
435,0.0,1.78,113.53,19.74,17.32,0.35,0.89,49.0,2.19,1.69,27.45,69.71,3840.0,171.9,132.7,6.909489208633094,5.472,15.067,417,83.2,83.0,84.0,416.0,0.0,0.0
440,0.0,1.74,120.7,24.34,20.67,0.35,0.89,49.18,2.18,1.69,27.45,69.71,3854.0,170.8,132.7,6.946429256594724,5.406,17.653,417,83.4,83.0,84.0,417.0,0.0,0.0
445,0.0,2.84,114.15,24.85,23.29,0.35,0.89,49.27,2.18,1.69,27.45,69.79,3861.0,170.8,132.6,7.002673076923077,5.455,14.997,416,83.4,83.0,84.0,417.0,0.0,0.0
450,0.0,1.65,114.12,21.88,25.21,0.35,0.89,49.38,2.14,1.68,27.45,69.64,3869.0,168.1,131.9,6.897467625899281,4.456,13.611,417,83.2,83.0,84.0,416.0,0.0,0.0
455,0.0,1.58,114.74,20.72,19.53,0.35,0.89,49.47,2.1,1.7,27.45,69.66,3876.0,164.7,133.6,6.798959232613909,4.533,14.84,417,83.4,83.0,84.0,417.0,0.0,0.0
460,0.0,1.9,114.29,19.49,24.69,0.35,0.89,49.65,2.24,1.7,27.45,69.72,3891.0,175.9,133.3,6.946228365384615,4.338,15.646,416,83.4,83.0,84.0,417.0,0.0,0.0
465,0.0,1.59,113.94,20.85,24.91,0.35,0.89,49.75,2.1,1.7,27.45,69.62,3898.0,164.8,133.2,6.899242206235011,5.464,14.993,417,83.2,83.0,84.0,416.0,0.0,0.0
470,0.0,1.86,114.22,23.09,22.93,0.35,0.89,49.86,2.02,1.7,27.45,69.66,3907.0,158.2,133.5,6.943676258992806,5.395,16.57,417,83.4,83.0,84.0,417.0,0.0,0.0
475,0.0,1.8,118.8,24.67,22.65,0.35,0.89,50.03,1.97,1.7,27.45,69.74,3920.0,154.6,133.2,6.9011826923076915,5.27,13.337,416,83.4,83.0,84.0,417.0,0.0,0.0
480,0.0,1.8,114.72,25.32,22.04,0.35,0.89,50.15,1.97,1.7,27.45,69.74,3930.0,154.7,133.3,6.8501654676258985,4.165,15.36,417,83.2,83.0,84.0,416.0,0.0,0.0
485,0.0,2.9,114.11,21.81,24.31,0.35,0.88,50.24,1.95,1.69,27.45,69.3,3938.0,152.9,132.2,6.9185083932853715,4.676,18.23,417,83.4,83.0,84.0,417.0,0.0,0.0
490,0.0,1.78,120.91,20.67,22.21,0.35,0.89,50.41,1.93,1.69,27.45,69.41,3950.0,151.5,132.4,6.875312500000001,4.845,15.055,416,83.4,83.0,84.0,417.0,0.0,0.0
495,0.0,1.67,116.23,21.38,22.42,0.35,0.89,50.51,1.95,1.69,27.45,69.41,3958.0,152.5,132.5,6.829141486810552,4.474,15.008,417,83.2,83.0,84.0,416.0,0.0,0.0
500,0.0,1.65,114.57,25.16,21.18,0.35,0.89,50.62,1.95,1.69,27.45,69.73,3966.0,153.0,132.3,6.808952038369305,4.388,15.078,417,83.4,83.0,84.0,417.0,0.0,0.0
505,0.0,1.6,116.04,22.58,27.01,0.35,0.89,50.8,1.95,1.69,27.45,69.48,3981.0,152.7,132.4,6.809060096153846,5.457,16.093,416,83.2,83.0,84.0,416.0,0.0,0.0
510,0.0,1.6,114.61,21.63,20.01,0.35,0.89,50.88,1.96,1.7,27.45,69.72,3987.0,153.3,132.9,6.827115107913669,5.398,14.906,417,83.4,83.0,84.0,417.0,0.0,0.0
515,0.0,1.57,114.19,21.55,23.18,0.35,0.89,50.99,1.99,1.69,27.45,69.66,3995.0,155.8,132.5,6.817642685851319,5.374,15.665,417,83.4,83.0,84.0,417.0,0.0,0.0
520,0.0,1.58,119.59,18.67,22.64,0.35,0.89,51.15,2.02,1.69,27.45,69.74,4008.0,158.3,132.6,6.79386298076923,4.478,15.041,416,83.4,83.0,84.0,417.0,0.0,0.0
525,0.0,1.65,114.61,26.33,22.2,0.35,0.89,51.27,1.97,1.69,27.45,69.74,4018.0,154.1,132.6,6.811724220623502,4.475,13.652,417,83.2,83.0,84.0,416.0,0.0,0.0
530,0.0,1.67,114.54,19.54,20.84,0.35,0.89,51.37,1.99,1.69,27.45,69.68,4025.0,155.7,132.6,6.817208633093525,5.441,14.893,417,83.4,83.0,84.0,417.0,0.0,0.0
535,0.0,1.61,120.72,21.78,19.59,0.35,0.89,51.53,1.94,1.71,27.45,69.66,4038.0,152.4,133.8,6.808372596153846,5.583,16.842,416,83.4,83.0,84.0,417.0,0.0,0.0
540,0.0,1.58,114.48,21.17,22.36,0.35,0.89,51.66,1.99,1.7,27.45,69.75,4048.0,156.2,133.6,6.837230215827338,4.326,12.784,417,83.2,83.0,84.0,416.0,0.0,0.0
545,0.0,1.59,114.02,19.83,21.2,0.35,0.89,51.75,1.95,1.7,27.45,69.75,4055.0,152.9,133.6,6.801268585131894,5.492,14.525,417,83.4,83.0,84.0,417.0,0.0,0.0
550,0.0,2.32,119.89,21.52,23.04,0.35,0.89,51.92,1.94,1.73,27.45,69.63,4068.0,151.9,135.2,6.940723557692308,5.428,16.699,416,83.2,83.0,84.0,416.0,0.0,0.0
555,0.0,1.68,114.24,23.72,19.71,0.35,0.89,52.01,1.94,1.7,27.45,69.66,4076.0,151.8,133.6,6.8698225419664265,4.305,16.813,417,83.4,83.0,84.0,417.0,0.0,0.0
560,0.0,1.64,113.82,20.52,23.96,0.35,0.89,52.13,1.93,1.71,27.45,69.74,4085.0,151.6,133.7,6.862568345323741,5.277,16.307,417,83.4,83.0,84.0,417.0,0.0,0.0
565,0.0,1.62,118.43,21.23,22.4,0.35,0.89,52.29,1.89,1.7,27.45,69.74,4098.0,147.9,133.5,6.7601394230769225,5.294,12.809,416,83.4,83.0,84.0,417.0,0.0,0.0
570,0.0,2.34,114.39,26.7,23.04,0.35,0.89,52.38,1.89,1.7,27.45,69.62,4105.0,148.2,133.2,6.832887290167865,5.392,13.795,417,83.2,83.0,84.0,416.0,0.0,0.0
575,0.0,1.62,114.37,26.8,22.14,0.35,0.89,52.5,1.89,1.7,27.45,69.67,4114.0,148.1,133.2,6.784853717026379,5.447,15.196,417,83.4,83.0,84.0,417.0,0.0,0.0
580,0.0,1.61,113.9,24.68,25.59,0.35,0.89,52.66,2.0,1.68,27.45,69.75,4126.0,156.8,131.5,6.7607451923076916,4.547,12.834,416,83.4,83.0,84.0,417.0,0.0,0.0
585,0.0,1.59,115.45,19.91,22.47,0.35,0.89,52.77,1.98,1.68,27.45,69.75,4135.0,155.1,131.7,6.84310071942446,4.399,16.664,417,83.2,83.0,84.0,416.0,0.0,0.0
590,0.0,1.66,118.12,20.88,21.36,0.35,0.89,52.93,1.94,1.69,27.45,69.57,4148.0,151.9,132.2,6.805810096153847,5.269,15.468,416,83.4,83.0,84.0,417.0,0.0,0.0
595,0.0,1.76,114.45,20.53,22.99,0.35,0.89,53.04,1.93,1.68,27.45,69.69,4157.0,151.6,132.0,6.830558752997602,5.524,14.464,417,83.2,83.0,84.0,416.0,0.0,0.0
600,0.0,1.81,114.52,23.01,22.06,0.35,0.89,53.13,1.94,1.68,27.45,69.76,4163.0,152.1,131.9,6.958460431654676,4.627,16.752,417,83.4,83.0,84.0,417.0,0.0,0.0
605,0.0,1.83,121.68,34.83,18.96,0.35,0.89,53.3,1.97,1.68,27.45,70.01,4176.0,154.7,131.9,7.100836538461538,5.359,15.094,416,83.4,83.0,84.0,417.0,0.0,0.0
610,0.0,1.59,122.99,26.36,20.52,0.35,0.89,53.39,1.97,1.68,27.45,69.64,4185.0,154.2,132.0,7.148887290167865,5.79,17.536,417,83.4,83.0,84.0,417.0,0.0,0.0
615,0.0,1.59,114.0,26.85,25.21,0.35,0.89,53.52,2.18,1.7,27.45,69.69,4194.0,170.9,133.2,7.068136690647482,5.54,15.485,417,83.2,83.0,84.0,416.0,0.0,0.0
620,0.0,1.63,121.56,23.55,23.78,0.35,0.89,53.66,2.15,1.7,27.45,69.76,4205.0,168.6,133.2,7.023362980769231,5.306,18.116,416,83.4,83.0,84.0,417.0,0.0,0.0
625,0.0,1.83,114.12,22.72,21.49,0.35,0.89,53.78,2.07,1.7,27.45,69.77,4214.0,162.3,133.2,6.889225419664268,5.252,14.138,417,83.2,83.0,84.0,416.0,0.0,0.0
630,0.0,1.61,113.48,31.9,21.49,0.35,0.89,53.87,2.04,1.71,27.45,69.57,4221.0,159.7,133.9,6.911968824940049,4.602,15.004,417,83.4,83.0,84.0,417.0,0.0,0.0
635,0.0,1.84,113.99,26.98,23.66,0.35,0.89,53.98,2.15,1.76,27.45,69.68,4231.0,168.6,137.9,6.92167548076923,5.363,15.574,416,83.4,83.0,84.0,417.0,0.0,0.0
640,0.0,1.66,114.38,22.49,21.31,0.35,0.89,54.13,2.15,1.71,27.45,69.74,4242.0,168.3,134.3,6.913851318944844,5.539,14.061,417,83.2,83.0,84.0,416.0,0.0,0.0
645,0.0,1.79,114.82,25.8,20.63,0.35,0.89,54.28,1.92,1.71,27.45,69.76,4253.0,150.4,134.3,6.961772182254197,5.496,27.098,417,83.4,83.0,84.0,417.0,0.0,0.0
650,0.0,2.88,119.51,22.28,22.47,0.35,0.89,54.45,1.94,1.72,27.45,69.71,4267.0,152.1,134.6,6.902867788461538,5.342,13.195,416,83.4,83.0,84.0,417.0,0.0,0.0
655,0.0,1.79,118.8,22.71,24.65,0.35,0.89,54.54,1.99,1.72,27.45,69.94,4274.0,156.0,134.9,6.8607721822541965,4.383,14.621,417,83.2,83.0,84.0,416.0,0.0,0.0
660,0.0,1.65,114.64,23.41,18.35,0.35,0.89,54.63,2.01,1.72,27.45,69.93,4281.0,157.6,135.0,6.916676258992806,4.466,22.89,417,83.4,83.0,84.0,417.0,0.0,0.0
665,0.0,1.84,113.83,27.68,20.6,0.35,0.89,54.72,2.12,1.71,27.45,70.02,4288.0,166.0,134.2,6.809168269230769,5.321,14.018,416,83.4,83.0,84.0,417.0,0.0,0.0
670,0.0,2.82,114.63,24.9,27.56,0.35,0.89,54.89,2.04,1.7,27.45,69.88,4301.0,160.1,133.0,6.834127098321344,5.455,13.912,417,83.2,83.0,84.0,416.0,0.0,0.0
675,0.0,1.75,115.21,29.58,26.57,0.35,0.89,55.01,1.9,1.7,27.45,70.0,4311.0,149.2,132.8,6.915189448441247,5.554,15.028,417,83.4,83.0,84.0,417.0,0.0,0.0
680,0.0,1.69,120.07,19.76,22.0,0.35,0.89,55.15,1.94,1.69,27.45,69.94,4322.0,152.4,132.4,6.859824519230769,5.507,15.248,416,83.4,83.0,84.0,417.0,0.0,0.0
685,0.0,1.59,113.35,20.16,26.23,0.35,0.9,55.27,2.02,1.68,27.45,70.26,4331.0,158.5,131.9,6.819479616306954,5.398,18.178,417,83.2,83.0,84.0,416.0,0.0,0.0
690,0.0,1.59,114.28,24.03,25.58,0.35,0.89,55.36,1.92,1.7,27.45,70.01,4338.0,150.3,133.6,6.90660576923077,4.357,13.442,416,83.4,83.0,84.0,417.0,0.0,0.0
695,0.0,2.28,118.06,22.46,17.89,0.35,0.89,55.53,1.92,1.74,27.45,69.82,4352.0,150.7,136.3,6.846424460431654,5.427,15.902,417,83.4,83.0,84.0,417.0,0.0,0.0
700,0.0,1.53,113.84,23.03,22.0,0.35,0.9,55.63,1.91,1.73,27.45,70.18,4360.0,150.1,135.5,6.828196642685851,4.397,15.114,417,83.2,83.0,84.0,416.0,0.0,0.0
705,0.0,1.57,114.21,27.76,24.95,0.35,0.89,55.74,1.92,1.73,27.45,70.0,4368.0,150.7,135.5,6.787606714628297,4.357,16.351,417,83.4,83.0,84.0,417.0,0.0,0.0
710,0.0,1.56,119.36,21.76,17.91,0.35,0.89,55.88,1.94,1.73,27.45,70.0,4379.0,151.8,135.3,6.8039735576923075,5.412,15.859,416,83.4,83.0,84.0,417.0,0.0,0.0
715,0.0,2.27,114.29,21.57,18.8,0.35,0.89,55.96,1.95,1.71,27.45,69.88,4385.0,152.5,134.1,6.758647482014389,4.897,16.202,417,83.2,83.0,84.0,416.0,0.0,0.0
720,0.0,1.61,113.64,21.24,24.7,0.35,0.89,56.06,1.93,1.7,27.45,69.93,4393.0,151.2,133.6,6.824393285371703,4.413,14.521,417,83.4,83.0,84.0,417.0,0.0,0.0
725,0.0,1.71,118.29,24.38,20.59,0.35,0.89,56.23,1.94,1.71,27.45,70.0,4406.0,151.8,133.9,6.8743437499999995,5.567,15.391,416,83.4,83.0,84.0,417.0,0.0,0.0
730,0.0,1.55,113.75,21.58,22.77,0.35,0.89,56.31,1.92,1.71,27.45,70.0,4413.0,150.4,133.7,6.862280575539568,4.46,15.69,417,83.2,83.0,84.0,416.0,0.0,0.0
735,0.0,2.3,114.37,21.36,24.21,0.35,0.89,56.41,1.92,1.71,27.45,70.07,4420.0,150.5,133.6,6.7771726618705035,5.446,12.134,417,83.4,83.0,84.0,417.0,0.0,0.0
740,0.0,1.63,118.89,24.5,20.31,0.35,0.89,56.57,1.95,1.71,27.45,69.92,4433.0,152.7,133.8,6.770769230769231,4.506,12.952,416,83.4,83.0,84.0,417.0,0.0,0.0
745,0.0,1.61,113.84,21.23,19.44,0.35,0.89,56.66,1.94,1.71,27.45,69.95,4441.0,152.3,134.0,6.807973621103118,5.529,13.264,417,83.2,83.0,84.0,416.0,0.0,0.0
750,0.0,1.63,114.62,25.32,25.23,0.35,0.89,55.78,1.95,1.55,27.45,70.0,4371.0,152.9,121.7,6.8408896882494,5.398,13.579,417,83.4,83.0,84.0,417.0,0.0,0.0
755,0.0,1.61,118.1,22.27,20.91,0.35,0.89,55.92,1.95,1.55,27.45,69.88,4382.0,152.8,121.2,6.809187499999999,5.303,13.159,416,83.4,83.0,84.0,417.0,0.0,0.0
760,0.0,1.84,114.31,20.89,24.63,0.35,0.89,56.03,1.95,1.54,27.45,69.92,4390.0,152.6,120.6,6.844649880095924,4.52,18.405,417,83.2,83.0,84.0,416.0,0.0,0.0
765,0.0,1.79,113.97,21.97,23.86,0.35,0.89,56.07,2.01,1.54,27.44,70.0,4395.0,157.7,120.9,6.755563549160672,5.479,12.641,417,83.4,83.0,84.0,417.0,0.0,0.0
770,0.0,1.7,120.67,22.55,18.49,0.35,0.89,56.23,2.06,1.57,27.44,70.0,4407.0,161.5,122.8,6.994088942307693,4.513,13.683,416,83.2,83.0,84.0,416.0,0.0,0.0
775,0.0,1.63,114.01,24.7,20.82,0.35,0.89,56.32,1.91,1.57,27.44,69.81,4413.0,149.3,123.3,6.928398081534771,4.653,16.491,417,83.4,83.0,84.0,417.0,0.0,0.0
780,0.0,1.85,114.07,27.2,19.26,0.35,0.89,56.41,1.81,1.55,27.44,69.93,4421.0,141.8,121.5,6.887359712230216,4.266,13.031,417,83.4,83.0,84.0,417.0,0.0,0.0
785,0.0,1.73,119.22,23.23,21.28,0.35,0.89,56.57,1.77,1.55,27.44,70.0,4432.0,138.6,121.3,6.764415865384615,5.146,9.972,416,83.4,83.0,84.0,417.0,0.0,0.0
790,0.0,1.79,114.11,25.8,19.79,0.35,0.89,56.66,1.76,1.55,27.44,70.05,4441.0,137.8,121.3,6.899997601918465,5.369,13.777,417,83.2,83.0,84.0,416.0,0.0,0.0
795,0.0,2.84,114.42,27.58,25.27,0.35,0.75,56.71,1.76,1.54,27.44,59.16,4444.0,138.0,120.9,6.83466826923077,4.6,16.09,416,83.4,83.0,84.0,417.0,0.0,0.0
800,0.0,1.6,118.7,23.74,17.9,0.35,0.76,56.86,1.89,1.56,27.44,59.56,4456.0,148.3,122.2,6.768035971223022,4.312,10.979,417,83.2,83.0,84.0,416.0,0.0,0.0
805,0.0,1.59,114.27,28.11,22.43,0.35,0.76,56.95,1.8,1.6,27.44,59.25,4463.0,140.9,125.0,6.865964028776978,5.4,14.037,417,83.4,83.0,84.0,417.0,0.0,0.0
810,0.0,1.83,115.24,21.05,20.65,0.35,0.76,57.05,1.75,1.57,27.43,59.3,4470.0,137.0,123.0,6.930841726618705,5.609,13.742,417,83.4,83.0,84.0,417.0,0.0,0.0
815,0.0,2.93,119.21,27.01,22.94,0.35,0.76,57.09,1.84,1.57,27.43,59.17,4473.0,144.1,122.9,6.887168269230769,4.489,11.564,416,83.4,83.0,84.0,417.0,0.0,0.0
820,0.0,1.66,114.15,26.81,21.87,0.35,0.76,57.18,1.88,1.57,27.43,59.34,4482.0,147.1,123.1,6.94948201438849,4.562,15.706,417,83.2,83.0,84.0,416.0,0.0,0.0
825,0.0,1.68,114.26,25.79,22.12,0.35,0.76,57.28,1.86,1.54,27.43,59.3,4489.0,145.5,121.0,6.8167019230769235,4.393,13.962,416,83.4,83.0,84.0,417.0,0.0,0.0
830,0.0,1.6,118.16,25.09,22.99,0.35,0.76,57.44,1.84,1.53,27.43,59.3,4501.0,144.5,120.2,6.759074340527579,5.317,13.353,417,83.4,83.0,84.0,417.0,0.0,0.0
835,0.0,1.59,117.76,19.71,21.77,0.35,0.76,57.54,1.85,1.53,27.43,59.26,4509.0,144.6,120.2,6.807769784172662,4.545,11.967,417,83.2,83.0,84.0,416.0,0.0,0.0
840,0.0,1.63,114.57,23.19,24.02,0.35,0.76,57.57,1.87,1.54,27.43,59.27,4511.0,146.3,120.3,6.815713942307692,5.324,13.091,416,83.4,83.0,84.0,417.0,0.0,0.0
845,0.0,1.8,118.83,24.99,20.24,0.35,0.76,57.73,1.94,1.53,27.43,59.21,4524.0,151.8,120.3,6.811062350119904,5.416,14.177,417,83.2,83.0,84.0,416.0,0.0,0.0
850,0.0,1.63,113.94,20.76,19.73,0.24,0.76,57.76,1.94,1.53,18.46,59.79,4527.0,152.4,120.2,6.856856115107914,4.643,15.301,417,83.4,83.0,84.0,417.0,0.0,0.0
855,0.01,1.54,114.1,21.71,20.83,0.24,0.76,57.85,1.92,1.54,18.46,59.3,4534.0,150.8,120.3,6.8263908872901675,4.414,14.323,417,83.4,83.0,84.0,417.0,0.0,0.0
860,0.0,2.29,117.87,24.38,21.52,0.24,0.76,57.95,1.9,1.55,18.46,59.37,4541.0,148.8,121.9,6.753651442307693,5.462,13.955,416,83.2,83.0,84.0,416.0,0.0,0.0
865,0.0,1.57,114.44,21.27,22.71,0.24,0.76,58.05,1.9,1.58,18.46,59.21,4549.0,149.2,124.1,6.850681055155875,4.349,13.316,417,83.4,83.0,84.0,417.0,0.0,0.0
870,0.0,1.62,114.02,22.78,21.28,0.24,0.76,58.14,1.93,1.59,18.46,59.25,4556.0,151.6,124.4,6.86752757793765,4.532,13.909,417,83.4,83.0,84.0,417.0,0.0,0.0
875,0.0,1.6,118.67,21.18,23.62,0.24,0.76,58.23,1.98,1.59,18.46,59.29,4562.0,155.2,124.9,6.897435096153846,5.396,14.616,416,83.4,83.0,84.0,417.0,0.0,0.0
880,0.0,2.29,118.75,22.22,21.5,0.24,0.76,58.33,2.02,1.59,18.46,59.18,4571.0,158.3,124.7,6.991139088729017,5.691,14.245,417,83.2,83.0,84.0,416.0,0.0,0.0
885,0.0,1.62,114.49,27.19,21.61,0.24,0.76,58.42,1.98,1.57,18.46,59.24,4578.0,155.1,123.2,6.8580695443645086,5.496,14.039,417,83.4,82.0,84.0,417.0,0.0,0.0
890,0.0,1.62,118.75,19.73,20.91,0.24,0.76,58.57,1.96,1.57,18.46,59.31,4590.0,153.6,123.3,6.864120192307693,4.545,13.85,416,83.2,83.0,84.0,416.0,0.0,0.0
895,0.0,1.58,114.17,25.09,21.29,0.24,0.76,58.61,1.97,1.57,18.46,59.31,4593.0,154.5,123.3,6.948580335731415,4.564,14.115,417,83.4,83.0,84.0,417.0,0.0,0.0
900,0.0,2.26,114.04,22.8,23.21,0.24,0.76,58.7,1.99,1.55,18.46,59.19,4600.0,156.2,121.7,6.8120889423076925,5.308,14.453,416,83.4,83.0,84.0,417.0,0.0,0.0
905,0.0,1.64,118.51,25.98,19.84,0.24,0.76,58.86,2.0,1.55,18.46,59.24,4613.0,156.5,121.7,6.811505995203837,4.643,14.657,417,83.4,83.0,84.0,417.0,0.0,0.0
910,0.0,1.62,113.79,19.47,23.24,0.24,0.76,58.95,2.0,1.55,18.46,59.32,4620.0,156.5,121.7,6.951757793764988,5.415,14.175,417,83.2,83.0,84.0,416.0,0.0,0.0
915,0.01,1.56,113.47,19.78,21.41,0.24,0.76,59.04,1.92,1.55,18.46,59.32,4627.0,150.9,121.8,6.801245192307693,5.297,14.556,416,83.4,83.0,84.0,417.0,0.0,0.0
920,0.0,1.68,113.76,25.47,18.69,0.24,0.75,59.14,1.94,1.56,18.46,59.13,4634.0,151.8,122.1,6.81963788968825,5.422,14.234,417,83.2,83.0,84.0,416.0,0.0,0.0
925,0.0,1.8,113.67,20.55,21.57,0.24,0.76,59.25,1.89,1.55,18.46,59.26,4642.0,148.1,121.5,6.841534772182254,5.259,13.599,417,83.4,83.0,84.0,417.0,0.0,0.0
930,0.0,1.61,113.61,25.71,20.99,0.24,0.76,59.33,1.9,1.55,18.46,59.28,4649.0,148.9,121.9,6.839966346153846,4.451,12.057,416,83.4,83.0,84.0,417.0,0.0,0.0
935,0.0,1.61,114.51,27.28,18.74,0.24,0.76,59.42,1.77,1.56,18.46,59.34,4657.0,138.6,122.3,6.735213429256595,4.314,12.894,417,83.2,83.0,84.0,416.0,0.0,0.0
940,0.0,1.57,114.21,20.4,23.4,0.24,0.75,59.52,1.77,1.57,18.46,59.16,4664.0,138.7,122.8,6.883450839328537,5.396,12.656,417,83.4,83.0,84.0,417.0,0.0,0.0
945,0.01,1.62,113.76,27.65,22.35,0.24,0.76,59.61,1.72,1.56,18.46,59.24,4671.0,135.1,122.1,6.762985576923077,5.384,14.06,416,83.4,83.0,84.0,417.0,0.0,0.0
950,0.0,1.77,117.76,20.32,19.66,0.24,0.76,59.77,1.73,1.56,18.46,59.26,4684.0,135.4,122.3,6.827182254196643,5.319,14.262,417,83.2,83.0,84.0,416.0,0.0,0.0
955,0.0,1.65,114.45,31.33,32.94,0.24,0.76,59.8,1.7,1.56,18.46,59.32,4686.0,132.9,122.4,7.144908872901679,5.74,14.693,417,83.4,83.0,84.0,417.0,0.0,0.0
960,0.0,1.63,114.56,26.78,26.15,0.24,0.76,59.9,1.7,1.48,18.46,59.2,4694.0,133.0,116.1,7.2331706730769225,5.657,14.076,416,83.4,83.0,84.0,417.0,0.0,0.0
965,0.0,1.82,118.89,31.68,28.9,0.24,0.76,60.06,1.7,1.53,18.46,59.25,4707.0,133.0,119.7,7.1640407673860915,5.385,14.115,417,83.2,83.0,84.0,416.0,0.0,0.0
970,0.0,1.93,115.04,25.3,29.81,0.24,0.76,60.14,1.72,1.59,18.46,59.34,4713.0,134.6,124.5,7.106249400479617,5.342,14.581,417,83.4,83.0,84.0,417.0,0.0,0.0
975,0.0,1.82,113.74,25.49,26.29,0.24,0.76,60.18,1.68,1.59,18.46,59.33,4716.0,131.8,124.4,7.09023076923077,5.531,12.352,416,83.4,83.0,84.0,417.0,0.0,0.0
980,0.0,2.9,118.71,24.6,24.01,0.24,0.76,60.33,1.71,1.57,18.46,59.21,4728.0,134.2,122.9,7.031386091127099,5.505,14.15,417,83.2,83.0,84.0,416.0,0.0,0.0
985,0.0,1.85,119.6,26.54,26.58,0.24,0.76,60.42,1.71,1.57,18.46,59.26,4736.0,134.2,123.2,7.073038369304556,4.446,13.488,417,83.4,83.0,84.0,417.0,0.0,0.0
990,0.0,1.87,114.1,28.53,23.65,0.24,0.76,60.52,1.72,1.58,18.46,59.34,4743.0,134.8,123.5,7.055146634615384,5.57,14.895,416,83.4,83.0,84.0,417.0,0.0,0.0
995,0.0,1.62,119.08,25.33,24.46,0.24,0.76,60.61,1.72,1.58,18.46,59.33,4750.0,135.1,123.5,6.943033573141487,5.546,13.845,417,83.2,83.0,84.0,416.0,0.0,0.0
1000,0.0,3.0,114.7,21.9,20.19,0.24,0.76,60.65,1.72,1.56,18.46,59.21,4753.0,135.2,122.6,6.872973621103118,4.539,14.037,417,83.4,83.0,84.0,417.0,0.0,0.0
1005,0.03,1.61,114.39,24.2,22.84,0.24,0.76,60.75,1.73,1.53,18.46,59.22,4760.0,135.8,120.2,6.925567307692308,5.45,14.312,416,83.4,83.0,84.0,417.0,0.0,0.0
1010,0.0,1.63,118.41,21.46,28.14,0.24,0.76,60.9,1.77,1.53,18.46,59.27,4772.0,138.4,120.3,6.875098321342926,5.428,13.28,417,83.2,83.0,84.0,416.0,0.0,0.0
1015,0.0,1.61,114.37,20.7,22.28,0.24,0.76,60.45,1.77,1.54,18.46,59.58,4738.0,138.6,120.8,6.834704326923077,5.577,13.911,416,83.4,83.0,84.0,417.0,0.0,0.0
1020,0.0,1.62,113.93,23.92,22.71,0.24,0.76,60.55,1.71,1.54,18.46,59.32,4745.0,133.8,120.5,6.878606714628297,4.649,12.038,417,83.4,83.0,84.0,417.0,0.0,0.0
1025,0.0,1.63,116.94,27.89,17.07,0.24,0.76,60.7,1.72,1.55,18.46,59.26,4756.0,134.5,121.4,6.809304556354916,4.576,12.395,417,83.2,83.0,84.0,416.0,0.0,0.0
1030,0.0,1.64,120.47,23.65,23.37,0.24,0.76,60.79,1.74,1.6,18.46,59.25,4763.0,136.0,125.3,6.859779376498801,4.466,13.024,417,83.4,83.0,84.0,417.0,0.0,0.0
1035,0.0,1.62,114.13,25.09,20.86,0.24,0.76,60.89,1.73,1.6,18.46,59.33,4771.0,135.7,125.1,6.905596153846154,5.499,14.376,416,83.4,83.0,84.0,417.0,0.0,0.0
1040,0.0,1.63,118.3,26.15,20.86,0.24,0.76,61.06,1.73,1.55,18.46,59.32,4785.0,135.7,121.5,6.937496402877699,5.405,14.048,417,83.2,83.0,84.0,416.0,0.0,0.0
1045,0.0,2.31,114.45,24.79,22.83,0.24,0.75,61.14,1.71,1.55,18.46,59.17,4792.0,133.7,121.7,6.858223021582734,5.169,14.21,417,83.4,83.0,84.0,417.0,0.0,0.0
1050,0.0,1.64,114.2,29.75,20.27,0.24,0.76,61.24,1.71,1.55,18.46,59.27,4799.0,134.0,121.7,6.977908653846153,5.523,14.515,416,83.4,83.0,84.0,417.0,0.0,0.0
1055,,,,,,,,,,,,,,,,7.211338129496403,5.849,13.523,417,83.2,83.0,84.0,416.0,0.0,0.0
1060,0.0,1.7,114.21,26.8,20.48,0.24,0.76,61.33,1.7,1.56,18.46,59.32,4806.0,133.3,122.0,7.0706043165467625,5.536,13.235,417,83.4,83.0,84.0,417.0,0.0,0.0
1065,0.0,1.65,114.46,28.25,22.28,0.24,0.76,61.49,1.8,1.56,18.46,59.33,4818.0,141.4,121.9,7.117463942307692,5.645,14.253,416,83.2,83.0,84.0,416.0,0.0,0.0
1070,0.0,1.69,114.27,24.87,27.1,0.24,0.76,61.58,1.89,1.53,18.46,59.45,4826.0,148.1,119.7,7.116306954436451,4.862,14.333,417,83.4,83.0,84.0,417.0,0.0,0.0
1075,0.0,1.77,119.37,28.82,22.55,0.24,0.76,61.74,1.91,1.55,18.46,59.24,4838.0,149.4,121.2,7.065333333333333,4.593,14.986,417,83.4,83.0,84.0,417.0,0.0,0.0
1080,0.0,1.62,115.14,27.34,22.45,0.24,0.76,61.84,2.03,1.54,18.46,59.34,4846.0,159.0,120.8,7.120408653846154,5.478,14.233,416,83.4,83.0,84.0,417.0,0.0,0.0
1085,0.0,1.65,114.2,26.07,27.3,0.24,0.76,61.93,1.95,1.54,18.46,59.34,4853.0,152.8,120.9,7.005676258992806,5.669,12.224,417,83.2,83.0,84.0,416.0,0.0,0.0
1090,0.0,1.68,118.45,23.11,22.82,0.24,0.76,62.09,1.95,1.55,18.46,59.39,4866.0,153.1,121.1,7.001964028776978,4.601,13.694,417,83.4,83.0,84.0,417.0,0.0,0.0
1095,0.0,1.86,114.11,21.08,22.56,0.24,0.76,62.18,1.96,1.55,18.46,59.24,4873.0,153.3,121.4,6.971175480769231,5.606,12.576,416,83.4,83.0,84.0,417.0,0.0,0.0
1100,0.0,1.65,113.97,21.61,25.97,0.24,0.76,62.28,1.87,1.55,18.46,59.26,4881.0,146.6,121.2,6.97352278177458,5.485,14.243,417,83.2,83.0,84.0,416.0,0.0,0.0
1105,0.0,1.66,118.98,20.71,22.63,0.24,0.76,62.43,1.98,1.55,18.46,59.3,4892.0,154.9,121.5,6.972906474820144,5.351,14.247,417,83.4,83.0,84.0,417.0,0.0,0.0
1110,0.0,1.64,113.65,20.13,18.01,0.24,0.76,62.52,2.01,1.56,18.46,59.18,4899.0,157.6,121.9,7.027072115384616,5.542,15.151,416,83.4,83.0,84.0,417.0,0.0,0.0
1115,0.0,1.83,114.19,22.74,21.52,0.24,0.76,62.63,1.88,1.56,18.46,59.27,4908.0,147.2,122.4,6.941537170263789,4.369,14.586,417,83.2,83.0,84.0,416.0,0.0,0.0
1120,0.0,1.66,118.44,21.13,20.28,0.24,0.76,62.78,1.85,1.56,18.46,59.59,4920.0,145.4,122.6,6.9218153477218225,4.621,12.954,417,83.4,83.0,84.0,417.0,0.0,0.0
1125,0.0,1.87,114.1,25.02,24.82,0.24,0.76,62.87,1.9,1.56,18.46,59.35,4927.0,149.0,122.5,6.9705721153846145,4.778,15.166,416,83.4,83.0,84.0,417.0,0.0,0.0
1130,0.0,1.71,114.61,28.13,22.95,0.24,0.76,62.98,1.78,1.56,18.46,59.23,4935.0,139.7,122.5,6.9063621103117505,4.647,14.455,417,83.2,83.0,84.0,416.0,0.0,0.0
1135,0.0,1.66,119.4,26.95,24.08,0.24,0.76,63.13,1.71,1.56,18.46,59.61,4947.0,134.2,122.5,7.063342925659473,4.844,16.278,417,83.4,83.0,84.0,417.0,0.0,0.0
1140,0.0,1.83,113.74,27.4,20.49,0.24,0.76,63.22,1.73,1.57,18.46,59.29,4955.0,135.6,122.8,7.009192307692308,4.915,15.91,416,83.2,83.0,84.0,416.0,0.0,0.0
1145,0.0,1.78,113.95,20.74,18.45,0.24,0.76,63.32,1.73,1.56,18.46,59.34,4962.0,135.8,122.6,6.943983213429257,4.489,13.064,417,83.4,83.0,84.0,417.0,0.0,0.0
1150,0.0,1.65,119.07,25.7,20.93,0.24,0.76,63.47,1.74,1.56,18.46,59.34,4974.0,136.7,122.4,6.972730769230769,5.486,11.489,416,83.4,83.0,84.0,417.0,0.0,0.0
1155,0.0,1.85,114.27,22.24,22.79,0.24,0.76,63.57,1.74,1.56,18.46,59.29,4981.0,136.2,122.4,6.923163069544364,4.499,14.207,417,83.2,83.0,84.0,416.0,0.0,0.0
1160,0.0,1.64,113.95,27.78,22.37,0.24,0.76,63.67,1.74,1.55,18.46,59.28,4989.0,136.4,121.8,6.965426858513189,4.479,19.918,417,83.4,83.0,84.0,417.0,0.0,0.0
1165,0.0,1.87,119.46,26.33,21.25,0.24,0.76,63.82,1.74,1.59,18.46,59.36,5002.0,136.1,124.9,6.9074663461538455,5.397,14.016,416,83.4,83.0,84.0,417.0,0.0,0.0
1170,0.0,1.67,114.51,21.53,20.48,0.24,0.78,63.77,1.78,1.64,19.03,61.09,4998.0,139.7,128.6,7.037959232613909,4.549,16.074,417,83.4,83.0,84.0,417.0,0.0,0.0
1175,0.0,1.65,113.98,24.21,21.36,0.24,0.8,63.8,1.81,1.66,19.02,62.44,5000.0,141.6,129.9,6.996976019184652,5.416,40.987,417,83.2,83.0,84.0,416.0,0.0,0.0
1180,0.0,1.66,119.88,19.88,19.83,0.24,0.8,63.96,1.81,1.62,19.02,62.39,5012.0,142.1,126.7,6.908384615384615,4.592,15.894,416,83.4,83.0,84.0,417.0,0.0,0.0
1185,0.0,1.63,113.72,20.63,21.22,0.24,0.8,64.05,1.81,1.62,19.02,62.41,5019.0,142.2,126.7,6.9247026378896885,5.482,14.375,417,83.2,83.0,84.0,416.0,0.0,0.0
1190,0.0,1.59,114.1,25.31,18.24,0.24,0.8,64.15,1.75,1.62,19.02,62.46,5027.0,137.1,126.9,6.901700239808154,5.416,14.625,417,83.4,83.0,84.0,417.0,0.0,0.0
1195,0.0,2.35,114.42,27.23,21.43,0.24,0.8,64.31,1.8,1.62,19.02,62.34,5040.0,141.3,127.0,7.002204326923077,5.523,14.551,416,83.4,83.0,84.0,417.0,0.0,0.0
1200,0.0,1.65,114.21,21.44,22.29,0.24,0.8,64.4,1.81,1.62,19.02,62.39,5047.0,141.7,126.7,6.973563549160672,4.545,15.216,417,83.2,83.0,84.0,416.0,0.0,0.0
1205,0.0,1.65,120.33,27.9,20.13,0.26,0.82,64.48,1.84,1.64,20.01,64.14,5053.0,143.9,128.7,6.861918465227818,4.716,14.974,417,83.4,83.0,84.0,417.0,0.0,0.0
1210,0.0,1.61,114.13,21.21,25.03,0.26,0.82,64.58,1.84,1.67,20.01,64.39,5060.0,144.0,130.5,6.998120192307692,5.398,15.467,416,83.4,83.0,84.0,417.0,0.0,0.0
1215,0.0,2.32,114.41,21.67,20.19,0.26,0.82,64.67,1.87,1.68,20.01,63.99,5068.0,146.5,131.8,6.925199040767386,5.277,15.122,417,83.2,83.0,84.0,416.0,0.0,0.0
1220,0.01,2.1,117.02,27.0,35.61,0.26,0.83,64.74,1.92,1.7,20.62,65.2,5073.0,150.2,133.0,8.408872901678658,4.799,77.686,417,83.4,82.0,84.0,417.0,0.0,0.0
1225,0.0,1.61,114.31,21.74,18.62,0.26,0.84,64.84,1.94,1.7,20.62,65.46,5081.0,152.2,133.5,7.093117788461539,4.929,29.928,416,83.4,83.0,84.0,417.0,0.0,0.0
1230,0.0,1.65,114.07,19.89,23.66,0.27,0.84,64.83,2.0,1.73,21.36,66.16,5081.0,156.8,135.6,6.966889688249401,4.59,15.332,417,83.2,83.0,84.0,416.0,0.0,0.0
1235,0.0,2.36,114.33,22.11,19.36,0.27,0.85,65.04,2.0,1.73,21.36,66.3,5097.0,157.1,135.2,7.237659472422062,5.519,15.717,417,83.4,83.0,84.0,417.0,0.0,0.0
1240,0.0,1.84,116.14,29.28,26.33,0.27,0.84,65.13,1.92,1.72,21.36,66.11,5104.0,150.4,135.2,6.883341346153846,4.519,15.406,416,83.4,83.0,84.0,417.0,0.0,0.0
1245,0.0,1.74,115.27,25.8,20.97,0.27,0.84,65.28,1.92,1.73,21.36,66.17,5115.0,150.6,135.4,6.998863309352518,5.389,61.389,417,83.2,83.0,84.0,416.0,0.0,0.0
1250,0.0,1.66,115.09,20.1,23.18,0.28,0.87,65.2,1.99,1.73,22.21,67.96,5109.0,155.9,135.4,6.705731414868105,5.509,14.404,417,83.4,83.0,84.0,417.0,0.0,0.0
1255,0.0,1.71,118.77,21.86,22.68,0.28,0.87,65.35,2.05,1.68,22.21,67.84,5122.0,160.5,132.0,6.621351063829787,5.711,12.754,376,83.0,83.0,83.0,83.0,0.0,0.0
